"module name","license","repository"
"@achrinza/node-ipc@9.2.6","MIT","https://github.com/achrinza/node-ipc"
"@ampproject/remapping@2.2.1","Apache-2.0","https://github.com/ampproject/remapping"
"@babel/code-frame@7.12.11","MIT","https://github.com/babel/babel"
"@babel/code-frame@7.23.4","MIT","https://github.com/babel/babel"
"@babel/compat-data@7.21.9","MIT","https://github.com/babel/babel"
"@babel/core@7.21.8","MIT","https://github.com/babel/babel"
"@babel/generator@7.23.4","MIT","https://github.com/babel/babel"
"@babel/helper-annotate-as-pure@7.18.6","MIT","https://github.com/babel/babel"
"@babel/helper-builder-binary-assignment-operator-visitor@7.21.5","MIT","https://github.com/babel/babel"
"@babel/helper-compilation-targets@7.21.5","MIT","https://github.com/babel/babel"
"@babel/helper-create-class-features-plugin@7.21.8","MIT","https://github.com/babel/babel"
"@babel/helper-create-regexp-features-plugin@7.21.8","MIT","https://github.com/babel/babel"
"@babel/helper-define-polyfill-provider@0.3.3","MIT","https://github.com/babel/babel-polyfills"
"@babel/helper-environment-visitor@7.22.20","MIT","https://github.com/babel/babel"
"@babel/helper-function-name@7.23.0","MIT","https://github.com/babel/babel"
"@babel/helper-hoist-variables@7.22.5","MIT","https://github.com/babel/babel"
"@babel/helper-member-expression-to-functions@7.21.5","MIT","https://github.com/babel/babel"
"@babel/helper-module-imports@7.21.4","MIT","https://github.com/babel/babel"
"@babel/helper-module-transforms@7.21.5","MIT","https://github.com/babel/babel"
"@babel/helper-optimise-call-expression@7.18.6","MIT","https://github.com/babel/babel"
"@babel/helper-plugin-utils@7.21.5","MIT","https://github.com/babel/babel"
"@babel/helper-remap-async-to-generator@7.18.9","MIT","https://github.com/babel/babel"
"@babel/helper-replace-supers@7.21.5","MIT","https://github.com/babel/babel"
"@babel/helper-simple-access@7.21.5","MIT","https://github.com/babel/babel"
"@babel/helper-skip-transparent-expression-wrappers@7.20.0","MIT","https://github.com/babel/babel"
"@babel/helper-split-export-declaration@7.22.6","MIT","https://github.com/babel/babel"
"@babel/helper-string-parser@7.23.4","MIT","https://github.com/babel/babel"
"@babel/helper-validator-identifier@7.22.20","MIT","https://github.com/babel/babel"
"@babel/helper-validator-option@7.21.0","MIT","https://github.com/babel/babel"
"@babel/helper-wrap-function@7.20.5","MIT","https://github.com/babel/babel"
"@babel/helpers@7.21.5","MIT","https://github.com/babel/babel"
"@babel/highlight@7.23.4","MIT","https://github.com/babel/babel"
"@babel/parser@7.23.4","MIT","https://github.com/babel/babel"
"@babel/plugin-bugfix-safari-id-destructuring-collision-in-function-expression@7.18.6","MIT","https://github.com/babel/babel"
"@babel/plugin-bugfix-v8-spread-parameters-in-optional-chaining@7.20.7","MIT","https://github.com/babel/babel"
"@babel/plugin-proposal-async-generator-functions@7.20.7","MIT","https://github.com/babel/babel"
"@babel/plugin-proposal-class-properties@7.18.6","MIT","https://github.com/babel/babel"
"@babel/plugin-proposal-class-static-block@7.21.0","MIT","https://github.com/babel/babel"
"@babel/plugin-proposal-decorators@7.21.0","MIT","https://github.com/babel/babel"
"@babel/plugin-proposal-dynamic-import@7.18.6","MIT","https://github.com/babel/babel"
"@babel/plugin-proposal-export-namespace-from@7.18.9","MIT","https://github.com/babel/babel"
"@babel/plugin-proposal-json-strings@7.18.6","MIT","https://github.com/babel/babel"
"@babel/plugin-proposal-logical-assignment-operators@7.20.7","MIT","https://github.com/babel/babel"
"@babel/plugin-proposal-nullish-coalescing-operator@7.18.6","MIT","https://github.com/babel/babel"
"@babel/plugin-proposal-numeric-separator@7.18.6","MIT","https://github.com/babel/babel"
"@babel/plugin-proposal-object-rest-spread@7.20.7","MIT","https://github.com/babel/babel"
"@babel/plugin-proposal-optional-catch-binding@7.18.6","MIT","https://github.com/babel/babel"
"@babel/plugin-proposal-optional-chaining@7.21.0","MIT","https://github.com/babel/babel"
"@babel/plugin-proposal-private-methods@7.18.6","MIT","https://github.com/babel/babel"
"@babel/plugin-proposal-private-property-in-object@7.21.0","MIT","https://github.com/babel/babel"
"@babel/plugin-proposal-unicode-property-regex@7.18.6","MIT","https://github.com/babel/babel"
"@babel/plugin-syntax-async-generators@7.8.4","MIT","https://github.com/babel/babel/tree/master/packages/babel-plugin-syntax-async-generators"
"@babel/plugin-syntax-bigint@7.8.3","MIT","https://github.com/babel/babel/tree/master/packages/babel-plugin-syntax-bigint"
"@babel/plugin-syntax-class-properties@7.12.13","MIT","https://github.com/babel/babel"
"@babel/plugin-syntax-class-static-block@7.14.5","MIT","https://github.com/babel/babel"
"@babel/plugin-syntax-decorators@7.21.0","MIT","https://github.com/babel/babel"
"@babel/plugin-syntax-dynamic-import@7.8.3","MIT","https://github.com/babel/babel/tree/master/packages/babel-plugin-syntax-dynamic-import"
"@babel/plugin-syntax-export-namespace-from@7.8.3","MIT","https://github.com/babel/babel/tree/master/packages/babel-plugin-syntax-export-namespace-from"
"@babel/plugin-syntax-import-assertions@7.20.0","MIT","https://github.com/babel/babel"
"@babel/plugin-syntax-import-meta@7.10.4","MIT","https://github.com/babel/babel"
"@babel/plugin-syntax-json-strings@7.8.3","MIT","https://github.com/babel/babel/tree/master/packages/babel-plugin-syntax-json-strings"
"@babel/plugin-syntax-jsx@7.21.4","MIT","https://github.com/babel/babel"
"@babel/plugin-syntax-logical-assignment-operators@7.10.4","MIT","https://github.com/babel/babel"
"@babel/plugin-syntax-nullish-coalescing-operator@7.8.3","MIT","https://github.com/babel/babel/tree/master/packages/babel-plugin-syntax-nullish-coalescing-operator"
"@babel/plugin-syntax-numeric-separator@7.10.4","MIT","https://github.com/babel/babel"
"@babel/plugin-syntax-object-rest-spread@7.8.3","MIT","https://github.com/babel/babel/tree/master/packages/babel-plugin-syntax-object-rest-spread"
"@babel/plugin-syntax-optional-catch-binding@7.8.3","MIT","https://github.com/babel/babel/tree/master/packages/babel-plugin-syntax-optional-catch-binding"
"@babel/plugin-syntax-optional-chaining@7.8.3","MIT","https://github.com/babel/babel/tree/master/packages/babel-plugin-syntax-optional-chaining"
"@babel/plugin-syntax-private-property-in-object@7.14.5","MIT","https://github.com/babel/babel"
"@babel/plugin-syntax-top-level-await@7.14.5","MIT","https://github.com/babel/babel"
"@babel/plugin-syntax-typescript@7.21.4","MIT","https://github.com/babel/babel"
"@babel/plugin-transform-arrow-functions@7.21.5","MIT","https://github.com/babel/babel"
"@babel/plugin-transform-async-to-generator@7.20.7","MIT","https://github.com/babel/babel"
"@babel/plugin-transform-block-scoped-functions@7.18.6","MIT","https://github.com/babel/babel"
"@babel/plugin-transform-block-scoping@7.21.0","MIT","https://github.com/babel/babel"
"@babel/plugin-transform-classes@7.21.0","MIT","https://github.com/babel/babel"
"@babel/plugin-transform-computed-properties@7.21.5","MIT","https://github.com/babel/babel"
"@babel/plugin-transform-destructuring@7.21.3","MIT","https://github.com/babel/babel"
"@babel/plugin-transform-dotall-regex@7.18.6","MIT","https://github.com/babel/babel"
"@babel/plugin-transform-duplicate-keys@7.18.9","MIT","https://github.com/babel/babel"
"@babel/plugin-transform-exponentiation-operator@7.18.6","MIT","https://github.com/babel/babel"
"@babel/plugin-transform-for-of@7.21.5","MIT","https://github.com/babel/babel"
"@babel/plugin-transform-function-name@7.18.9","MIT","https://github.com/babel/babel"
"@babel/plugin-transform-literals@7.18.9","MIT","https://github.com/babel/babel"
"@babel/plugin-transform-member-expression-literals@7.18.6","MIT","https://github.com/babel/babel"
"@babel/plugin-transform-modules-amd@7.20.11","MIT","https://github.com/babel/babel"
"@babel/plugin-transform-modules-commonjs@7.21.5","MIT","https://github.com/babel/babel"
"@babel/plugin-transform-modules-systemjs@7.20.11","MIT","https://github.com/babel/babel"
"@babel/plugin-transform-modules-umd@7.18.6","MIT","https://github.com/babel/babel"
"@babel/plugin-transform-named-capturing-groups-regex@7.20.5","MIT","https://github.com/babel/babel"
"@babel/plugin-transform-new-target@7.18.6","MIT","https://github.com/babel/babel"
"@babel/plugin-transform-object-super@7.18.6","MIT","https://github.com/babel/babel"
"@babel/plugin-transform-parameters@7.21.3","MIT","https://github.com/babel/babel"
"@babel/plugin-transform-property-literals@7.18.6","MIT","https://github.com/babel/babel"
"@babel/plugin-transform-regenerator@7.21.5","MIT","https://github.com/babel/babel"
"@babel/plugin-transform-reserved-words@7.18.6","MIT","https://github.com/babel/babel"
"@babel/plugin-transform-runtime@7.21.4","MIT","https://github.com/babel/babel"
"@babel/plugin-transform-shorthand-properties@7.18.6","MIT","https://github.com/babel/babel"
"@babel/plugin-transform-spread@7.20.7","MIT","https://github.com/babel/babel"
"@babel/plugin-transform-sticky-regex@7.18.6","MIT","https://github.com/babel/babel"
"@babel/plugin-transform-template-literals@7.18.9","MIT","https://github.com/babel/babel"
"@babel/plugin-transform-typeof-symbol@7.18.9","MIT","https://github.com/babel/babel"
"@babel/plugin-transform-unicode-escapes@7.21.5","MIT","https://github.com/babel/babel"
"@babel/plugin-transform-unicode-regex@7.18.6","MIT","https://github.com/babel/babel"
"@babel/preset-env@7.21.5","MIT","https://github.com/babel/babel"
"@babel/preset-modules@0.1.5","MIT","https://github.com/babel/preset-modules"
"@babel/regjsgen@0.8.0","MIT","https://github.com/bnjmnt4n/regjsgen"
"@babel/runtime@7.21.5","MIT","https://github.com/babel/babel"
"@babel/template@7.22.15","MIT","https://github.com/babel/babel"
"@babel/traverse@7.23.4","MIT","https://github.com/babel/babel"
"@babel/types@7.23.4","MIT","https://github.com/babel/babel"
"@bcoe/v8-coverage@0.2.3","MIT","https://github.com/demurgos/v8-coverage"
"@discoveryjs/json-ext@0.5.7","MIT","https://github.com/discoveryjs/json-ext"
"@eslint-community/eslint-utils@4.4.0","MIT","https://github.com/eslint-community/eslint-utils"
"@eslint-community/regexpp@4.5.1","MIT","https://github.com/eslint-community/regexpp"
"@eslint/eslintrc@0.4.3","MIT","https://github.com/eslint/eslintrc"
"@hapi/hoek@9.3.0","BSD-3-Clause","https://github.com/hapijs/hoek"
"@hapi/topo@5.1.0","BSD-3-Clause","https://github.com/hapijs/topo"
"@humanwhocodes/config-array@0.5.0","Apache-2.0","https://github.com/humanwhocodes/config-array"
"@humanwhocodes/object-schema@1.2.1","BSD-3-Clause","https://github.com/humanwhocodes/object-schema"
"@istanbuljs/load-nyc-config@1.1.0","ISC","https://github.com/istanbuljs/load-nyc-config"
"@istanbuljs/schema@0.1.3","MIT","https://github.com/istanbuljs/schema"
"@jest/console@27.5.1","MIT","https://github.com/facebook/jest"
"@jest/console@28.1.3","MIT","https://github.com/facebook/jest"
"@jest/core@27.5.1","MIT","https://github.com/facebook/jest"
"@jest/environment@27.5.1","MIT","https://github.com/facebook/jest"
"@jest/fake-timers@27.5.1","MIT","https://github.com/facebook/jest"
"@jest/globals@27.5.1","MIT","https://github.com/facebook/jest"
"@jest/reporters@27.5.1","MIT","https://github.com/facebook/jest"
"@jest/schemas@28.1.3","MIT","https://github.com/facebook/jest"
"@jest/source-map@27.5.1","MIT","https://github.com/facebook/jest"
"@jest/test-result@27.5.1","MIT","https://github.com/facebook/jest"
"@jest/test-result@28.1.3","MIT","https://github.com/facebook/jest"
"@jest/test-sequencer@27.5.1","MIT","https://github.com/facebook/jest"
"@jest/transform@27.5.1","MIT","https://github.com/facebook/jest"
"@jest/types@27.5.1","MIT","https://github.com/facebook/jest"
"@jest/types@28.1.3","MIT","https://github.com/facebook/jest"
"@jridgewell/gen-mapping@0.3.3","MIT","https://github.com/jridgewell/gen-mapping"
"@jridgewell/resolve-uri@3.1.0","MIT","https://github.com/jridgewell/resolve-uri"
"@jridgewell/set-array@1.1.2","MIT","https://github.com/jridgewell/set-array"
"@jridgewell/source-map@0.3.3","MIT","https://github.com/jridgewell/source-map"
"@jridgewell/sourcemap-codec@1.4.14","MIT","https://github.com/jridgewell/sourcemap-codec"
"@jridgewell/sourcemap-codec@1.4.15","MIT","https://github.com/jridgewell/sourcemap-codec"
"@jridgewell/trace-mapping@0.3.18","MIT","https://github.com/jridgewell/trace-mapping"
"@leichtgewicht/ip-codec@2.0.4","MIT","https://github.com/martinheidegger/ip-codec"
"@mdi/font@7.4.47","Apache-2.0","https://github.com/Templarian/MaterialDesign-Webfont"
"@node-ipc/js-queue@2.0.3","MIT","https://github.com/node-ipc/js-queue"
"@nodelib/fs.scandir@2.1.5","MIT","https://github.com/nodelib/nodelib/tree/master/packages/fs/fs.scandir"
"@nodelib/fs.stat@2.0.5","MIT","https://github.com/nodelib/nodelib/tree/master/packages/fs/fs.stat"
"@nodelib/fs.walk@1.2.8","MIT","https://github.com/nodelib/nodelib/tree/master/packages/fs/fs.walk"
"@polka/url@1.0.0-next.21","MIT","https://github.com/lukeed/polka"
"@popperjs/core@2.11.8","MIT","https://github.com/popperjs/popper-core"
"@selderee/plugin-htmlparser2@0.11.0","MIT","https://github.com/mxxii/selderee"
"@sideway/address@4.1.4","BSD-3-Clause","https://github.com/sideway/address"
"@sideway/formula@3.0.1","BSD-3-Clause","https://github.com/sideway/formula"
"@sideway/pinpoint@2.0.0","BSD-3-Clause","https://github.com/sideway/pinpoint"
"@sinclair/typebox@0.24.51","MIT","https://github.com/sinclairzx81/typebox"
"@sinonjs/commons@1.8.6","BSD-3-Clause","https://github.com/sinonjs/commons"
"@sinonjs/fake-timers@8.1.0","BSD-3-Clause","https://github.com/sinonjs/fake-timers"
"@soda/friendly-errors-webpack-plugin@1.8.1","MIT","https://github.com/sodatea/friendly-errors-webpack-plugin"
"@soda/get-current-script@1.0.2","MIT","https://github.com/sodatea/get-current-script"
"@tootallnate/once@1.1.2","MIT","https://github.com/TooTallNate/once"
"@trysound/sax@0.2.0","ISC","https://github.com/svg/sax"
"@types/babel__core@7.20.0","MIT","https://github.com/DefinitelyTyped/DefinitelyTyped"
"@types/babel__generator@7.6.4","MIT","https://github.com/DefinitelyTyped/DefinitelyTyped"
"@types/babel__template@7.4.1","MIT","https://github.com/DefinitelyTyped/DefinitelyTyped"
"@types/babel__traverse@7.18.5","MIT","https://github.com/DefinitelyTyped/DefinitelyTyped"
"@types/body-parser@1.19.2","MIT","https://github.com/DefinitelyTyped/DefinitelyTyped"
"@types/bonjour@3.5.10","MIT","https://github.com/DefinitelyTyped/DefinitelyTyped"
"@types/connect-history-api-fallback@1.5.0","MIT","https://github.com/DefinitelyTyped/DefinitelyTyped"
"@types/connect@3.4.35","MIT","https://github.com/DefinitelyTyped/DefinitelyTyped"
"@types/eslint-scope@3.7.4","MIT","https://github.com/DefinitelyTyped/DefinitelyTyped"
"@types/eslint@8.40.0","MIT","https://github.com/DefinitelyTyped/DefinitelyTyped"
"@types/estree@1.0.1","MIT","https://github.com/DefinitelyTyped/DefinitelyTyped"
"@types/express-serve-static-core@4.17.35","MIT","https://github.com/DefinitelyTyped/DefinitelyTyped"
"@types/express@4.17.17","MIT","https://github.com/DefinitelyTyped/DefinitelyTyped"
"@types/graceful-fs@4.1.6","MIT","https://github.com/DefinitelyTyped/DefinitelyTyped"
"@types/html-minifier-terser@6.1.0","MIT","https://github.com/DefinitelyTyped/DefinitelyTyped"
"@types/html-to-text@9.0.4","MIT","https://github.com/DefinitelyTyped/DefinitelyTyped"
"@types/http-proxy@1.17.11","MIT","https://github.com/DefinitelyTyped/DefinitelyTyped"
"@types/istanbul-lib-coverage@2.0.4","MIT","https://github.com/DefinitelyTyped/DefinitelyTyped"
"@types/istanbul-lib-report@3.0.0","MIT","https://github.com/DefinitelyTyped/DefinitelyTyped"
"@types/istanbul-reports@3.0.1","MIT","https://github.com/DefinitelyTyped/DefinitelyTyped"
"@types/jest@27.5.2","MIT","https://github.com/DefinitelyTyped/DefinitelyTyped"
"@types/json-schema@7.0.11","MIT","https://github.com/DefinitelyTyped/DefinitelyTyped"
"@types/lodash@4.14.198","MIT","https://github.com/DefinitelyTyped/DefinitelyTyped"
"@types/mime@1.3.2","MIT","https://github.com/DefinitelyTyped/DefinitelyTyped"
"@types/minimist@1.2.2","MIT","https://github.com/DefinitelyTyped/DefinitelyTyped"
"@types/node@20.2.3","MIT","https://github.com/DefinitelyTyped/DefinitelyTyped"
"@types/normalize-package-data@2.4.1","MIT","https://github.com/DefinitelyTyped/DefinitelyTyped"
"@types/parse-json@4.0.0","MIT","https://github.com/DefinitelyTyped/DefinitelyTyped"
"@types/prettier@2.7.2","MIT","https://github.com/DefinitelyTyped/DefinitelyTyped"
"@types/qs@6.9.7","MIT","https://github.com/DefinitelyTyped/DefinitelyTyped"
"@types/range-parser@1.2.4","MIT","https://github.com/DefinitelyTyped/DefinitelyTyped"
"@types/retry@0.12.0","MIT","https://github.com/DefinitelyTyped/DefinitelyTyped"
"@types/semver@7.5.0","MIT","https://github.com/DefinitelyTyped/DefinitelyTyped"
"@types/send@0.17.1","MIT","https://github.com/DefinitelyTyped/DefinitelyTyped"
"@types/serve-index@1.9.1","MIT","https://github.com/DefinitelyTyped/DefinitelyTyped"
"@types/serve-static@1.15.1","MIT","https://github.com/DefinitelyTyped/DefinitelyTyped"
"@types/sockjs@0.3.33","MIT","https://github.com/DefinitelyTyped/DefinitelyTyped"
"@types/stack-utils@2.0.1","MIT","https://github.com/DefinitelyTyped/DefinitelyTyped"
"@types/strip-bom@3.0.0","MIT","https://github.com/DefinitelyTyped/DefinitelyTyped"
"@types/strip-json-comments@0.0.30","MIT","https://github.com/DefinitelyTyped/DefinitelyTyped"
"@types/webpack-env@1.18.0","MIT","https://github.com/DefinitelyTyped/DefinitelyTyped"
"@types/ws@8.5.4","MIT","https://github.com/DefinitelyTyped/DefinitelyTyped"
"@types/yargs-parser@21.0.0","MIT","https://github.com/DefinitelyTyped/DefinitelyTyped"
"@types/yargs@16.0.5","MIT","https://github.com/DefinitelyTyped/DefinitelyTyped"
"@types/yargs@17.0.24","MIT","https://github.com/DefinitelyTyped/DefinitelyTyped"
"@typescript-eslint/eslint-plugin@5.59.7","MIT","https://github.com/typescript-eslint/typescript-eslint"
"@typescript-eslint/parser@5.59.7","BSD-2-Clause","https://github.com/typescript-eslint/typescript-eslint"
"@typescript-eslint/scope-manager@5.59.7","MIT","https://github.com/typescript-eslint/typescript-eslint"
"@typescript-eslint/type-utils@5.59.7","MIT","https://github.com/typescript-eslint/typescript-eslint"
"@typescript-eslint/types@5.59.7","MIT","https://github.com/typescript-eslint/typescript-eslint"
"@typescript-eslint/typescript-estree@5.59.7","BSD-2-Clause","https://github.com/typescript-eslint/typescript-eslint"
"@typescript-eslint/utils@5.59.7","MIT","https://github.com/typescript-eslint/typescript-eslint"
"@typescript-eslint/visitor-keys@5.59.7","MIT","https://github.com/typescript-eslint/typescript-eslint"
"@vue/babel-helper-vue-jsx-merge-props@1.4.0","MIT","https://github.com/vuejs/jsx/tree/master/packages/babel-helper-vue-jsx-merge-props"
"@vue/babel-helper-vue-transform-on@1.0.2","MIT",""
"@vue/babel-plugin-jsx@1.1.1","MIT","https://github.com/vuejs/jsx-next"
"@vue/babel-plugin-transform-vue-jsx@1.4.0","MIT","https://github.com/vuejs/jsx/tree/master/packages/babel-plugin-transform-vue-jsx"
"@vue/babel-preset-app@5.0.8","MIT","https://github.com/vuejs/vue-cli"
"@vue/babel-preset-jsx@1.4.0","MIT","https://github.com/vuejs/jsx/tree/master/packages/babel-preset-jsx"
"@vue/babel-sugar-composition-api-inject-h@1.4.0","MIT","https://github.com/vuejs/jsx/tree/master/packages/babel-sugar-composition-api-inject-h"
"@vue/babel-sugar-composition-api-render-instance@1.4.0","MIT","https://github.com/vuejs/jsx/tree/master/packages/babel-sugar-composition-api-render-instance"
"@vue/babel-sugar-functional-vue@1.4.0","MIT","https://github.com/vuejs/jsx/tree/master/packages/babel-sugar-functional-vue"
"@vue/babel-sugar-inject-h@1.4.0","MIT","https://github.com/vuejs/jsx/tree/master/packages/babel-sugar-inject-h"
"@vue/babel-sugar-v-model@1.4.0","MIT","https://github.com/vuejs/jsx/tree/master/packages/babel-sugar-v-model"
"@vue/babel-sugar-v-on@1.4.0","MIT","https://github.com/vuejs/jsx/tree/master/packages/babel-sugar-v-on"
"@vue/cli-overlay@5.0.8","MIT","https://github.com/vuejs/vue-cli"
"@vue/cli-plugin-babel@5.0.8","MIT","https://github.com/vuejs/vue-cli"
"@vue/cli-plugin-eslint@5.0.8","MIT","https://github.com/vuejs/vue-cli"
"@vue/cli-plugin-router@5.0.8","MIT","https://github.com/vuejs/vue-cli"
"@vue/cli-plugin-typescript@5.0.8","MIT","https://github.com/vuejs/vue-cli"
"@vue/cli-plugin-unit-jest@5.0.8","MIT","https://github.com/vuejs/vue-cli"
"@vue/cli-plugin-vuex@5.0.8","MIT","https://github.com/vuejs/vue-cli"
"@vue/cli-service@5.0.8","MIT","https://github.com/vuejs/vue-cli"
"@vue/cli-shared-utils@5.0.8","MIT","https://github.com/vuejs/vue-cli"
"@vue/compiler-core@3.3.4","MIT","https://github.com/vuejs/core"
"@vue/compiler-dom@3.3.4","MIT","https://github.com/vuejs/core"
"@vue/compiler-sfc@3.3.4","MIT","https://github.com/vuejs/core"
"@vue/compiler-ssr@3.3.4","MIT","https://github.com/vuejs/core"
"@vue/component-compiler-utils@3.3.0","MIT","https://github.com/vuejs/component-compiler-utils"
"@vue/devtools-api@6.5.0","MIT","https://github.com/vuejs/vue-devtools"
"@vue/eslint-config-typescript@9.1.0","MIT","https://github.com/vuejs/eslint-config-typescript"
"@vue/reactivity-transform@3.3.4","MIT","https://github.com/vuejs/core"
"@vue/reactivity@3.3.4","MIT","https://github.com/vuejs/core"
"@vue/runtime-core@3.3.4","MIT","https://github.com/vuejs/core"
"@vue/runtime-dom@3.3.4","MIT","https://github.com/vuejs/core"
"@vue/server-renderer@3.3.4","MIT","https://github.com/vuejs/core"
"@vue/shared@3.3.4","MIT","https://github.com/vuejs/core"
"@vue/test-utils@2.3.2","MIT","https://github.com/vuejs/test-utils"
"@vue/vue3-jest@27.0.0","MIT","https://github.com/vuejs/vue-jest"
"@vue/web-component-wrapper@1.3.0","MIT","https://github.com/vuejs/web-component-wrapper"
"@vuetify/loader-shared@2.0.3","MIT","https://github.com/vuetifyjs/vuetify-loader"
"@webassemblyjs/ast@1.11.6","MIT","https://github.com/xtuc/webassemblyjs"
"@webassemblyjs/floating-point-hex-parser@1.11.6","MIT","https://github.com/xtuc/webassemblyjs"
"@webassemblyjs/helper-api-error@1.11.6","MIT","https://github.com/xtuc/webassemblyjs"
"@webassemblyjs/helper-buffer@1.11.6","MIT","https://github.com/xtuc/webassemblyjs"
"@webassemblyjs/helper-numbers@1.11.6","MIT","https://github.com/xtuc/webassemblyjs"
"@webassemblyjs/helper-wasm-bytecode@1.11.6","MIT","https://github.com/xtuc/webassemblyjs"
"@webassemblyjs/helper-wasm-section@1.11.6","MIT","https://github.com/xtuc/webassemblyjs"
"@webassemblyjs/ieee754@1.11.6","MIT","https://github.com/xtuc/webassemblyjs"
"@webassemblyjs/leb128@1.11.6","Apache-2.0","https://github.com/xtuc/webassemblyjs"
"@webassemblyjs/utf8@1.11.6","MIT","https://github.com/xtuc/webassemblyjs"
"@webassemblyjs/wasm-edit@1.11.6","MIT","https://github.com/xtuc/webassemblyjs"
"@webassemblyjs/wasm-gen@1.11.6","MIT","https://github.com/xtuc/webassemblyjs"
"@webassemblyjs/wasm-opt@1.11.6","MIT","https://github.com/xtuc/webassemblyjs"
"@webassemblyjs/wasm-parser@1.11.6","MIT","https://github.com/xtuc/webassemblyjs"
"@webassemblyjs/wast-printer@1.11.6","MIT","https://github.com/xtuc/webassemblyjs"
"@xtuc/ieee754@1.2.0","BSD-3-Clause","https://github.com/feross/ieee754"
"@xtuc/long@4.2.2","Apache-2.0","https://github.com/dcodeIO/long.js"
"abab@2.0.6","BSD-3-Clause","https://github.com/jsdom/abab"
"abbrev@1.1.1","ISC","https://github.com/isaacs/abbrev-js"
"accepts@1.3.8","MIT","https://github.com/jshttp/accepts"
"acorn-globals@6.0.0","MIT","https://github.com/ForbesLindesay/acorn-globals"
"acorn-import-assertions@1.9.0","MIT","https://github.com/xtuc/acorn-import-assertions"
"acorn-jsx@5.3.2","MIT","https://github.com/acornjs/acorn-jsx"
"acorn-walk@7.2.0","MIT","https://github.com/acornjs/acorn"
"acorn-walk@8.2.0","MIT","https://github.com/acornjs/acorn"
"acorn@7.4.1","MIT","https://github.com/acornjs/acorn"
"acorn@8.8.2","MIT","https://github.com/acornjs/acorn"
"address@1.2.2","MIT","https://github.com/node-modules/address"
"agent-base@6.0.2","MIT","https://github.com/TooTallNate/node-agent-base"
"ajv-formats@2.1.1","MIT","https://github.com/ajv-validator/ajv-formats"
"ajv-keywords@3.5.2","MIT","https://github.com/epoberezkin/ajv-keywords"
"ajv-keywords@5.1.0","MIT","https://github.com/epoberezkin/ajv-keywords"
"ajv@6.12.6","MIT","https://github.com/ajv-validator/ajv"
"ajv@8.12.0","MIT","https://github.com/ajv-validator/ajv"
"ansi-colors@4.1.3","MIT","https://github.com/doowb/ansi-colors"
"ansi-escapes@3.2.0","MIT","https://github.com/sindresorhus/ansi-escapes"
"ansi-escapes@4.3.2","MIT","https://github.com/sindresorhus/ansi-escapes"
"ansi-html-community@0.0.8","Apache-2.0","https://github.com/mahdyar/ansi-html-community"
"ansi-regex@3.0.1","MIT","https://github.com/chalk/ansi-regex"
"ansi-regex@5.0.1","MIT","https://github.com/chalk/ansi-regex"
"ansi-regex@6.0.1","MIT","https://github.com/chalk/ansi-regex"
"ansi-styles@3.2.1","MIT","https://github.com/chalk/ansi-styles"
"ansi-styles@4.3.0","MIT","https://github.com/chalk/ansi-styles"
"ansi-styles@5.2.0","MIT","https://github.com/chalk/ansi-styles"
"any-promise@1.3.0","MIT","https://github.com/kevinbeaty/any-promise"
"anymatch@3.1.3","ISC","https://github.com/micromatch/anymatch"
"arch@2.2.0","MIT","https://github.com/feross/arch"
"argparse@1.0.10","MIT","https://github.com/nodeca/argparse"
"array-flatten@1.1.1","MIT","https://github.com/blakeembrey/array-flatten"
"array-flatten@2.1.2","MIT","https://github.com/blakeembrey/array-flatten"
"array-union@2.1.0","MIT","https://github.com/sindresorhus/array-union"
"astral-regex@2.0.0","MIT","https://github.com/kevva/astral-regex"
"async@2.6.4","MIT","https://github.com/caolan/async"
"asynckit@0.4.0","MIT","https://github.com/alexindigo/asynckit"
"at-least-node@1.0.0","ISC","https://github.com/RyanZim/at-least-node"
"autoprefixer@10.4.14","MIT","https://github.com/postcss/autoprefixer"
"axios@1.6.2","MIT","https://github.com/axios/axios"
"babel-jest@27.5.1","MIT","https://github.com/facebook/jest"
"babel-loader@8.3.0","MIT","https://github.com/babel/babel-loader"
"babel-plugin-dynamic-import-node@2.3.3","MIT","https://github.com/airbnb/babel-plugin-dynamic-import-node"
"babel-plugin-istanbul@6.1.1","BSD-3-Clause","https://github.com/istanbuljs/babel-plugin-istanbul"
"babel-plugin-jest-hoist@27.5.1","MIT","https://github.com/facebook/jest"
"babel-plugin-polyfill-corejs2@0.3.3","MIT","https://github.com/babel/babel-polyfills"
"babel-plugin-polyfill-corejs3@0.6.0","MIT","https://github.com/babel/babel-polyfills"
"babel-plugin-polyfill-regenerator@0.4.1","MIT","https://github.com/babel/babel-polyfills"
"babel-preset-current-node-syntax@1.0.1","MIT","https://github.com/nicolo-ribaudo/babel-preset-current-node-syntax"
"babel-preset-jest@27.5.1","MIT","https://github.com/facebook/jest"
"balanced-match@1.0.2","MIT","https://github.com/juliangruber/balanced-match"
"base64-js@1.5.1","MIT","https://github.com/beatgammit/base64-js"
"batch@0.6.1","MIT","https://github.com/visionmedia/batch"
"big.js@5.2.2","MIT","https://github.com/MikeMcl/big.js"
"binary-extensions@2.2.0","MIT","https://github.com/sindresorhus/binary-extensions"
"bl@4.1.0","MIT","https://github.com/rvagg/bl"
"bluebird@3.7.2","MIT","https://github.com/petkaantonov/bluebird"
"body-parser@1.20.1","MIT","https://github.com/expressjs/body-parser"
"bonjour-service@1.1.1","MIT","https://github.com/onlxltd/bonjour-service"
"boolbase@1.0.0","ISC","https://github.com/fb55/boolbase"
"bootstrap-icons@1.11.3","MIT","https://github.com/twbs/icons"
"bootstrap@5.3.3","MIT","https://github.com/twbs/bootstrap"
"brace-expansion@1.1.11","MIT","https://github.com/juliangruber/brace-expansion"
"brace-expansion@2.0.1","MIT","https://github.com/juliangruber/brace-expansion"
"braces@3.0.2","MIT","https://github.com/micromatch/braces"
"browser-process-hrtime@1.0.0","BSD-2-Clause","https://github.com/kumavis/browser-process-hrtime"
"browserslist@4.21.5","MIT","https://github.com/browserslist/browserslist"
"bs-logger@0.2.6","MIT","https://github.com/huafu/bs-logger"
"bser@2.1.1","Apache-2.0","https://github.com/facebook/watchman"
"buffer-from@1.1.2","MIT","https://github.com/LinusU/buffer-from"
"buffer@5.7.1","MIT","https://github.com/feross/buffer"
"bytes@3.0.0","MIT","https://github.com/visionmedia/bytes.js"
"bytes@3.1.2","MIT","https://github.com/visionmedia/bytes.js"
"call-bind@1.0.2","MIT","https://github.com/ljharb/call-bind"
"callsite@1.0.0","MIT*",""
"callsites@3.1.0","MIT","https://github.com/sindresorhus/callsites"
"camel-case@4.1.2","MIT","https://github.com/blakeembrey/change-case"
"camelcase@5.3.1","MIT","https://github.com/sindresorhus/camelcase"
"camelcase@6.3.0","MIT","https://github.com/sindresorhus/camelcase"
"caniuse-api@3.0.0","MIT","https://github.com/nyalab/caniuse-api"
"caniuse-lite@1.0.30001636","CC-BY-4.0","https://github.com/browserslist/caniuse-lite"
"case-sensitive-paths-webpack-plugin@2.4.0","MIT","https://github.com/Urthen/case-sensitive-paths-webpack-plugin"
"chalk@2.4.2","MIT","https://github.com/chalk/chalk"
"chalk@3.0.0","MIT","https://github.com/chalk/chalk"
"chalk@4.1.2","MIT","https://github.com/chalk/chalk"
"char-regex@1.0.2","MIT","https://github.com/Richienb/char-regex"
"char-regex@2.0.1","MIT","https://github.com/Richienb/char-regex"
"chokidar@3.5.3","MIT","https://github.com/paulmillr/chokidar"
"chrome-trace-event@1.0.3","MIT","https://github.com/samccone/chrome-trace-event"
"ci-info@1.6.0","MIT","https://github.com/watson/ci-info"
"ci-info@3.8.0","MIT","https://github.com/watson/ci-info"
"cjs-module-lexer@1.2.2","MIT","https://github.com/guybedford/cjs-module-lexer"
"clean-css@5.3.2","MIT","https://github.com/clean-css/clean-css"
"cli-cursor@2.1.0","MIT","https://github.com/sindresorhus/cli-cursor"
"cli-cursor@3.1.0","MIT","https://github.com/sindresorhus/cli-cursor"
"cli-highlight@2.1.11","ISC","https://github.com/felixfbecker/cli-highlight"
"cli-spinners@2.9.0","MIT","https://github.com/sindresorhus/cli-spinners"
"clipboardy@2.3.0","MIT","https://github.com/sindresorhus/clipboardy"
"cliui@7.0.4","ISC","https://github.com/yargs/cliui"
"clone-deep@4.0.1","MIT","https://github.com/jonschlinkert/clone-deep"
"clone@1.0.4","MIT","https://github.com/pvorb/node-clone"
"co@4.6.0","MIT","https://github.com/tj/co"
"collect-v8-coverage@1.0.1","MIT","https://github.com/SimenB/collect-v8-coverage"
"color-convert@1.9.3","MIT","https://github.com/Qix-/color-convert"
"color-convert@2.0.1","MIT","https://github.com/Qix-/color-convert"
"color-name@1.1.3","MIT","https://github.com/dfcreative/color-name"
"color-name@1.1.4","MIT","https://github.com/colorjs/color-name"
"colord@2.9.3","MIT","https://github.com/omgovich/colord"
"colorette@2.0.20","MIT","https://github.com/jorgebucaran/colorette"
"combined-stream@1.0.8","MIT","https://github.com/felixge/node-combined-stream"
"commander@2.20.3","MIT","https://github.com/tj/commander.js"
"commander@7.2.0","MIT","https://github.com/tj/commander.js"
"commander@8.3.0","MIT","https://github.com/tj/commander.js"
"common-path-prefix@3.0.0","ISC","https://github.com/novemberborn/common-path-prefix"
"commondir@1.0.1","MIT","https://github.com/substack/node-commondir"
"compressible@2.0.18","MIT","https://github.com/jshttp/compressible"
"compression@1.7.4","MIT","https://github.com/expressjs/compression"
"concat-map@0.0.1","MIT","https://github.com/substack/node-concat-map"
"condense-newlines@0.2.1","MIT","https://github.com/jonschlinkert/condense-newlines"
"config-chain@1.1.13","MIT","https://github.com/dominictarr/config-chain"
"connect-history-api-fallback@2.0.0","MIT","https://github.com/bripkens/connect-history-api-fallback"
"consolidate@0.15.1","MIT","https://github.com/tj/consolidate.js"
"content-disposition@0.5.4","MIT","https://github.com/jshttp/content-disposition"
"content-type@1.0.5","MIT","https://github.com/jshttp/content-type"
"convert-source-map@1.9.0","MIT","https://github.com/thlorenz/convert-source-map"
"cookie-signature@1.0.6","MIT","https://github.com/visionmedia/node-cookie-signature"
"cookie@0.5.0","MIT","https://github.com/jshttp/cookie"
"copy-webpack-plugin@9.1.0","MIT","https://github.com/webpack-contrib/copy-webpack-plugin"
"core-js-compat@3.30.2","MIT","https://github.com/zloirock/core-js"
"core-js@3.30.2","MIT","https://github.com/zloirock/core-js"
"core-util-is@1.0.3","MIT","https://github.com/isaacs/core-util-is"
"cosmiconfig@6.0.0","MIT","https://github.com/davidtheclark/cosmiconfig"
"cosmiconfig@7.1.0","MIT","https://github.com/davidtheclark/cosmiconfig"
"cross-spawn@5.1.0","MIT","https://github.com/IndigoUnited/node-cross-spawn"
"cross-spawn@6.0.5","MIT","https://github.com/moxystudio/node-cross-spawn"
"cross-spawn@7.0.3","MIT","https://github.com/moxystudio/node-cross-spawn"
"css-declaration-sorter@6.4.0","ISC","https://github.com/Siilwyn/css-declaration-sorter"
"css-loader@6.7.4","MIT","https://github.com/webpack-contrib/css-loader"
"css-minimizer-webpack-plugin@3.4.1","MIT","https://github.com/webpack-contrib/css-minimizer-webpack-plugin"
"css-select@4.3.0","BSD-2-Clause","https://github.com/fb55/css-select"
"css-tree@1.1.3","MIT","https://github.com/csstree/csstree"
"css-tree@2.3.1","MIT","https://github.com/csstree/csstree"
"css-what@6.1.0","BSD-2-Clause","https://github.com/fb55/css-what"
"cssesc@3.0.0","MIT","https://github.com/mathiasbynens/cssesc"
"cssnano-preset-default@5.2.14","MIT","https://github.com/cssnano/cssnano"
"cssnano-utils@3.1.0","MIT","https://github.com/cssnano/cssnano"
"cssnano@5.1.15","MIT","https://github.com/cssnano/cssnano"
"csso@4.2.0","MIT","https://github.com/css/csso"
"cssom@0.3.8","MIT","https://github.com/NV/CSSOM"
"cssom@0.4.4","MIT","https://github.com/NV/CSSOM"
"cssstyle@2.3.0","MIT","https://github.com/jsdom/cssstyle"
"csstype@3.1.2","MIT","https://github.com/frenic/csstype"
"data-urls@2.0.0","MIT","https://github.com/jsdom/data-urls"
"date-fns@2.30.0","MIT","https://github.com/date-fns/date-fns"
"debug@2.6.9","MIT","https://github.com/visionmedia/debug"
"debug@3.2.7","MIT","https://github.com/visionmedia/debug"
"debug@4.3.4","MIT","https://github.com/debug-js/debug"
"decache@4.6.2","MIT","https://github.com/dwyl/decache"
"decimal.js@10.4.3","MIT","https://github.com/MikeMcl/decimal.js"
"dedent@0.7.0","MIT","https://github.com/dmnd/dedent"
"deep-is@0.1.4","MIT","https://github.com/thlorenz/deep-is"
"deepmerge@1.5.2","MIT","https://github.com/KyleAMathews/deepmerge"
"deepmerge@4.3.1","MIT","https://github.com/TehShrike/deepmerge"
"default-gateway@6.0.3","BSD-2-Clause","https://github.com/silverwind/default-gateway"
"defaults@1.0.4","MIT","https://github.com/sindresorhus/node-defaults"
"define-lazy-prop@2.0.0","MIT","https://github.com/sindresorhus/define-lazy-prop"
"define-properties@1.2.0","MIT","https://github.com/ljharb/define-properties"
"delayed-stream@1.0.0","MIT","https://github.com/felixge/node-delayed-stream"
"depd@1.1.2","MIT","https://github.com/dougwilson/nodejs-depd"
"depd@2.0.0","MIT","https://github.com/dougwilson/nodejs-depd"
"destroy@1.2.0","MIT","https://github.com/stream-utils/destroy"
"detect-newline@3.1.0","MIT","https://github.com/sindresorhus/detect-newline"
"detect-node@2.1.0","MIT","https://github.com/iliakan/detect-node"
"diff-sequences@27.5.1","MIT","https://github.com/facebook/jest"
"dir-glob@3.0.1","MIT","https://github.com/kevva/dir-glob"
"dns-equal@1.0.0","MIT","https://github.com/watson/dns-equal"
"dns-packet@5.6.0","MIT","https://github.com/mafintosh/dns-packet"
"doctrine@3.0.0","Apache-2.0","https://github.com/eslint/doctrine"
"dom-converter@0.2.0","MIT","https://github.com/AriaMinaei/dom-converter"
"dom-serializer@1.4.1","MIT","https://github.com/cheeriojs/dom-renderer"
"dom-serializer@2.0.0","MIT","https://github.com/cheeriojs/dom-serializer"
"domelementtype@2.3.0","BSD-2-Clause","https://github.com/fb55/domelementtype"
"domexception@2.0.1","MIT","https://github.com/jsdom/domexception"
"domhandler@4.3.1","BSD-2-Clause","https://github.com/fb55/domhandler"
"domhandler@5.0.3","BSD-2-Clause","https://github.com/fb55/domhandler"
"domutils@2.8.0","BSD-2-Clause","https://github.com/fb55/domutils"
"domutils@3.1.0","BSD-2-Clause","https://github.com/fb55/domutils"
"dot-case@3.0.4","MIT","https://github.com/blakeembrey/change-case"
"dotenv-expand@5.1.0","BSD-2-Clause",""
"dotenv@10.0.0","BSD-2-Clause","https://github.com/motdotla/dotenv"
"duplexer@0.1.2","MIT","https://github.com/Raynos/duplexer"
"easy-stack@1.0.1","MIT","https://github.com/RIAEvangelist/easy-stack"
"editorconfig@0.15.3","MIT","https://github.com/editorconfig/editorconfig-core-js"
"ee-first@1.1.1","MIT","https://github.com/jonathanong/ee-first"
"electron-to-chromium@1.4.405","ISC","https://github.com/kilian/electron-to-chromium"
"emittery@0.10.2","MIT","https://github.com/sindresorhus/emittery"
"emittery@0.8.1","MIT","https://github.com/sindresorhus/emittery"
"emoji-regex@8.0.0","MIT","https://github.com/mathiasbynens/emoji-regex"
"emojis-list@3.0.0","MIT","https://github.com/kikobeats/emojis-list"
"encodeurl@1.0.2","MIT","https://github.com/pillarjs/encodeurl"
"end-of-stream@1.4.4","MIT","https://github.com/mafintosh/end-of-stream"
"enhanced-resolve@5.14.0","MIT","https://github.com/webpack/enhanced-resolve"
"enquirer@2.3.6","MIT","https://github.com/enquirer/enquirer"
"entities@2.2.0","BSD-2-Clause","https://github.com/fb55/entities"
"entities@4.5.0","BSD-2-Clause","https://github.com/fb55/entities"
"error-ex@1.3.2","MIT","https://github.com/qix-/node-error-ex"
"error-stack-parser@2.1.4","MIT","https://github.com/stacktracejs/error-stack-parser"
"es-module-lexer@1.2.1","MIT","https://github.com/guybedford/es-module-lexer"
"escalade@3.1.1","MIT","https://github.com/lukeed/escalade"
"escape-html@1.0.3","MIT","https://github.com/component/escape-html"
"escape-string-regexp@1.0.5","MIT","https://github.com/sindresorhus/escape-string-regexp"
"escape-string-regexp@2.0.0","MIT","https://github.com/sindresorhus/escape-string-regexp"
"escape-string-regexp@4.0.0","MIT","https://github.com/sindresorhus/escape-string-regexp"
"escodegen@2.0.0","BSD-2-Clause","https://github.com/estools/escodegen"
"eslint-plugin-vue@8.7.1","MIT","https://github.com/vuejs/eslint-plugin-vue"
"eslint-scope@5.1.1","BSD-2-Clause","https://github.com/eslint/eslint-scope"
"eslint-scope@7.2.0","BSD-2-Clause","https://github.com/eslint/eslint-scope"
"eslint-utils@2.1.0","MIT","https://github.com/mysticatea/eslint-utils"
"eslint-utils@3.0.0","MIT","https://github.com/mysticatea/eslint-utils"
"eslint-visitor-keys@1.3.0","Apache-2.0","https://github.com/eslint/eslint-visitor-keys"
"eslint-visitor-keys@2.1.0","Apache-2.0","https://github.com/eslint/eslint-visitor-keys"
"eslint-visitor-keys@3.4.1","Apache-2.0","https://github.com/eslint/eslint-visitor-keys"
"eslint-webpack-plugin@3.2.0","MIT","https://github.com/webpack-contrib/eslint-webpack-plugin"
"eslint@7.32.0","MIT","https://github.com/eslint/eslint"
"espree@7.3.1","BSD-2-Clause","https://github.com/eslint/espree"
"espree@9.5.2","BSD-2-Clause","https://github.com/eslint/espree"
"esprima@4.0.1","BSD-2-Clause","https://github.com/jquery/esprima"
"esquery@1.5.0","BSD-3-Clause","https://github.com/estools/esquery"
"esrecurse@4.3.0","BSD-2-Clause","https://github.com/estools/esrecurse"
"estraverse@4.3.0","BSD-2-Clause","https://github.com/estools/estraverse"
"estraverse@5.3.0","BSD-2-Clause","https://github.com/estools/estraverse"
"estree-walker@2.0.2","MIT","https://github.com/Rich-Harris/estree-walker"
"esutils@2.0.3","BSD-2-Clause","https://github.com/estools/esutils"
"etag@1.8.1","MIT","https://github.com/jshttp/etag"
"event-pubsub@4.3.0","Unlicense","https://github.com/RIAEvangelist/event-pubsub"
"eventemitter3@4.0.7","MIT","https://github.com/primus/eventemitter3"
"events@3.3.0","MIT","https://github.com/Gozala/events"
"execa@0.8.0","MIT","https://github.com/sindresorhus/execa"
"execa@1.0.0","MIT","https://github.com/sindresorhus/execa"
"execa@5.1.1","MIT","https://github.com/sindresorhus/execa"
"exit@0.1.2","MIT","https://github.com/cowboy/node-exit"
"expect@27.5.1","MIT","https://github.com/facebook/jest"
"express@4.18.2","MIT","https://github.com/expressjs/express"
"extend-shallow@2.0.1","MIT","https://github.com/jonschlinkert/extend-shallow"
"fast-deep-equal@3.1.3","MIT","https://github.com/epoberezkin/fast-deep-equal"
"fast-glob@3.2.12","MIT","https://github.com/mrmlnc/fast-glob"
"fast-json-stable-stringify@2.1.0","MIT","https://github.com/epoberezkin/fast-json-stable-stringify"
"fast-levenshtein@2.0.6","MIT","https://github.com/hiddentao/fast-levenshtein"
"fastq@1.15.0","ISC","https://github.com/mcollina/fastq"
"faye-websocket@0.11.4","Apache-2.0","https://github.com/faye/faye-websocket-node"
"fb-watchman@2.0.2","Apache-2.0","https://github.com/facebook/watchman"
"figures@2.0.0","MIT","https://github.com/sindresorhus/figures"
"file-entry-cache@6.0.1","MIT","https://github.com/royriojas/file-entry-cache"
"file-loader@6.2.0","MIT","https://github.com/webpack-contrib/file-loader"
"fill-range@7.0.1","MIT","https://github.com/jonschlinkert/fill-range"
"finalhandler@1.2.0","MIT","https://github.com/pillarjs/finalhandler"
"find-cache-dir@3.3.2","MIT","https://github.com/avajs/find-cache-dir"
"find-cache-dir@5.0.0","MIT","https://github.com/sindresorhus/find-cache-dir"
"find-up@4.1.0","MIT","https://github.com/sindresorhus/find-up"
"find-up@6.3.0","MIT","https://github.com/sindresorhus/find-up"
"flat-cache@3.0.4","MIT","https://github.com/royriojas/flat-cache"
"flatted@3.2.7","ISC","https://github.com/WebReflection/flatted"
"follow-redirects@1.15.2","MIT","https://github.com/follow-redirects/follow-redirects"
"fork-ts-checker-webpack-plugin@6.5.3","MIT","https://github.com/TypeStrong/fork-ts-checker-webpack-plugin"
"form-data@3.0.1","MIT","https://github.com/form-data/form-data"
"form-data@4.0.0","MIT","https://github.com/form-data/form-data"
"forwarded@0.2.0","MIT","https://github.com/jshttp/forwarded"
"fraction.js@4.2.0","MIT","https://github.com/infusion/Fraction.js"
"fresh@0.5.2","MIT","https://github.com/jshttp/fresh"
"fs-extra@9.1.0","MIT","https://github.com/jprichardson/node-fs-extra"
"fs-monkey@1.0.3","Unlicense","https://github.com/streamich/fs-monkey"
"fs.realpath@1.0.0","ISC","https://github.com/isaacs/fs.realpath"
"function-bind@1.1.1","MIT","https://github.com/Raynos/function-bind"
"functional-red-black-tree@1.0.1","MIT","https://github.com/mikolalysenko/functional-red-black-tree"
"gensync@1.0.0-beta.2","MIT","https://github.com/loganfsmyth/gensync"
"get-caller-file@2.0.5","ISC","https://github.com/stefanpenner/get-caller-file"
"get-intrinsic@1.2.1","MIT","https://github.com/ljharb/get-intrinsic"
"get-package-type@0.1.0","MIT","https://github.com/cfware/get-package-type"
"get-stream@3.0.0","MIT","https://github.com/sindresorhus/get-stream"
"get-stream@4.1.0","MIT","https://github.com/sindresorhus/get-stream"
"get-stream@6.0.1","MIT","https://github.com/sindresorhus/get-stream"
"glob-parent@5.1.2","ISC","https://github.com/gulpjs/glob-parent"
"glob-parent@6.0.2","ISC","https://github.com/gulpjs/glob-parent"
"glob-to-regexp@0.4.1","BSD-2-Clause","https://github.com/fitzgen/glob-to-regexp"
"glob@7.2.3","ISC","https://github.com/isaacs/node-glob"
"glob@8.1.0","ISC","https://github.com/isaacs/node-glob"
"globals@11.12.0","MIT","https://github.com/sindresorhus/globals"
"globals@13.20.0","MIT","https://github.com/sindresorhus/globals"
"globby@11.1.0","MIT","https://github.com/sindresorhus/globby"
"graceful-fs@4.2.11","ISC","https://github.com/isaacs/node-graceful-fs"
"grapheme-splitter@1.0.4","MIT","https://github.com/orling/grapheme-splitter"
"gzip-size@6.0.0","MIT","https://github.com/sindresorhus/gzip-size"
"handle-thing@2.0.1","MIT","https://github.com/indutny/handle-thing"
"has-flag@3.0.0","MIT","https://github.com/sindresorhus/has-flag"
"has-flag@4.0.0","MIT","https://github.com/sindresorhus/has-flag"
"has-property-descriptors@1.0.0","MIT","https://github.com/inspect-js/has-property-descriptors"
"has-proto@1.0.1","MIT","https://github.com/inspect-js/has-proto"
"has-symbols@1.0.3","MIT","https://github.com/inspect-js/has-symbols"
"has@1.0.3","MIT","https://github.com/tarruda/has"
"hash-sum@1.0.2","MIT","https://github.com/bevacqua/hash-sum"
"hash-sum@2.0.0","MIT","https://github.com/bevacqua/hash-sum"
"he@1.2.0","MIT","https://github.com/mathiasbynens/he"
"highlight.js@10.7.3","BSD-3-Clause","https://github.com/highlightjs/highlight.js"
"highlight.js@11.9.0","BSD-3-Clause","https://github.com/highlightjs/highlight.js"
"hosted-git-info@2.8.9","ISC","https://github.com/npm/hosted-git-info"
"hpack.js@2.1.6","MIT","https://github.com/indutny/hpack.js"
"html-encoding-sniffer@2.0.1","MIT","https://github.com/jsdom/html-encoding-sniffer"
"html-entities@2.3.3","MIT","https://github.com/mdevils/html-entities"
"html-escaper@2.0.2","MIT","https://github.com/WebReflection/html-escaper"
"html-minifier-terser@6.1.0","MIT","https://github.com/terser/html-minifier-terser"
"html-tags@2.0.0","MIT","https://github.com/sindresorhus/html-tags"
"html-tags@3.3.1","MIT","https://github.com/sindresorhus/html-tags"
"html-to-text@9.0.5","MIT","https://github.com/html-to-text/node-html-to-text"
"html-webpack-plugin@5.5.1","MIT","https://github.com/jantimon/html-webpack-plugin"
"htmlparser2@6.1.0","MIT","https://github.com/fb55/htmlparser2"
"htmlparser2@8.0.2","MIT","https://github.com/fb55/htmlparser2"
"http-deceiver@1.2.7","MIT","https://github.com/indutny/http-deceiver"
"http-errors@1.6.3","MIT","https://github.com/jshttp/http-errors"
"http-errors@2.0.0","MIT","https://github.com/jshttp/http-errors"
"http-parser-js@0.5.8","MIT","https://github.com/creationix/http-parser-js"
"http-proxy-agent@4.0.1","MIT","https://github.com/TooTallNate/node-http-proxy-agent"
"http-proxy-middleware@2.0.6","MIT","https://github.com/chimurai/http-proxy-middleware"
"http-proxy@1.18.1","MIT","https://github.com/http-party/node-http-proxy"
"https-proxy-agent@5.0.1","MIT","https://github.com/TooTallNate/node-https-proxy-agent"
"human-signals@2.1.0","Apache-2.0","https://github.com/ehmicky/human-signals"
"iconv-lite@0.4.24","MIT","https://github.com/ashtuchkin/iconv-lite"
"icss-utils@5.1.0","ISC","https://github.com/css-modules/icss-utils"
"ieee754@1.2.1","BSD-3-Clause","https://github.com/feross/ieee754"
"ignore@4.0.6","MIT","https://github.com/kaelzhang/node-ignore"
"ignore@5.2.4","MIT","https://github.com/kaelzhang/node-ignore"
"import-fresh@3.3.0","MIT","https://github.com/sindresorhus/import-fresh"
"import-local@3.1.0","MIT","https://github.com/sindresorhus/import-local"
"imurmurhash@0.1.4","MIT","https://github.com/jensyt/imurmurhash-js"
"inflight@1.0.6","ISC","https://github.com/npm/inflight"
"inherits@2.0.3","ISC","https://github.com/isaacs/inherits"
"inherits@2.0.4","ISC","https://github.com/isaacs/inherits"
"ini@1.3.8","ISC","https://github.com/isaacs/ini"
"ipaddr.js@1.9.1","MIT","https://github.com/whitequark/ipaddr.js"
"ipaddr.js@2.0.1","MIT","https://github.com/whitequark/ipaddr.js"
"is-arrayish@0.2.1","MIT","https://github.com/qix-/node-is-arrayish"
"is-binary-path@2.1.0","MIT","https://github.com/sindresorhus/is-binary-path"
"is-buffer@1.1.6","MIT","https://github.com/feross/is-buffer"
"is-ci@1.2.1","MIT","https://github.com/watson/is-ci"
"is-core-module@2.12.1","MIT","https://github.com/inspect-js/is-core-module"
"is-docker@2.2.1","MIT","https://github.com/sindresorhus/is-docker"
"is-extendable@0.1.1","MIT","https://github.com/jonschlinkert/is-extendable"
"is-extglob@2.1.1","MIT","https://github.com/jonschlinkert/is-extglob"
"is-file-esm@1.0.0","MIT","https://github.com/davidmarkclements/is-file-esm"
"is-fullwidth-code-point@2.0.0","MIT","https://github.com/sindresorhus/is-fullwidth-code-point"
"is-fullwidth-code-point@3.0.0","MIT","https://github.com/sindresorhus/is-fullwidth-code-point"
"is-generator-fn@2.1.0","MIT","https://github.com/sindresorhus/is-generator-fn"
"is-glob@4.0.3","MIT","https://github.com/micromatch/is-glob"
"is-interactive@1.0.0","MIT","https://github.com/sindresorhus/is-interactive"
"is-number@7.0.0","MIT","https://github.com/jonschlinkert/is-number"
"is-plain-obj@3.0.0","MIT","https://github.com/sindresorhus/is-plain-obj"
"is-plain-object@2.0.4","MIT","https://github.com/jonschlinkert/is-plain-object"
"is-potential-custom-element-name@1.0.1","MIT","https://github.com/mathiasbynens/is-potential-custom-element-name"
"is-stream@1.1.0","MIT","https://github.com/sindresorhus/is-stream"
"is-stream@2.0.1","MIT","https://github.com/sindresorhus/is-stream"
"is-typedarray@1.0.0","MIT","https://github.com/hughsk/is-typedarray"
"is-unicode-supported@0.1.0","MIT","https://github.com/sindresorhus/is-unicode-supported"
"is-whitespace@0.3.0","MIT","https://github.com/jonschlinkert/is-whitespace"
"is-wsl@2.2.0","MIT","https://github.com/sindresorhus/is-wsl"
"isarray@1.0.0","MIT","https://github.com/juliangruber/isarray"
"isexe@2.0.0","ISC","https://github.com/isaacs/isexe"
"isobject@3.0.1","MIT","https://github.com/jonschlinkert/isobject"
"istanbul-lib-coverage@3.2.0","BSD-3-Clause","https://github.com/istanbuljs/istanbuljs"
"istanbul-lib-instrument@5.2.1","BSD-3-Clause","https://github.com/istanbuljs/istanbuljs"
"istanbul-lib-report@3.0.0","BSD-3-Clause","https://github.com/istanbuljs/istanbuljs"
"istanbul-lib-source-maps@4.0.1","BSD-3-Clause","https://github.com/istanbuljs/istanbuljs"
"istanbul-reports@3.1.5","BSD-3-Clause","https://github.com/istanbuljs/istanbuljs"
"javascript-stringify@2.1.0","MIT","https://github.com/blakeembrey/javascript-stringify"
"jest-changed-files@27.5.1","MIT","https://github.com/facebook/jest"
"jest-circus@27.5.1","MIT","https://github.com/facebook/jest"
"jest-cli@27.5.1","MIT","https://github.com/facebook/jest"
"jest-config@27.5.1","MIT","https://github.com/facebook/jest"
"jest-diff@27.5.1","MIT","https://github.com/facebook/jest"
"jest-docblock@27.5.1","MIT","https://github.com/facebook/jest"
"jest-each@27.5.1","MIT","https://github.com/facebook/jest"
"jest-environment-jsdom@27.5.1","MIT","https://github.com/facebook/jest"
"jest-environment-node@27.5.1","MIT","https://github.com/facebook/jest"
"jest-get-type@27.5.1","MIT","https://github.com/facebook/jest"
"jest-haste-map@27.5.1","MIT","https://github.com/facebook/jest"
"jest-jasmine2@27.5.1","MIT","https://github.com/facebook/jest"
"jest-leak-detector@27.5.1","MIT","https://github.com/facebook/jest"
"jest-matcher-utils@27.5.1","MIT","https://github.com/facebook/jest"
"jest-message-util@27.5.1","MIT","https://github.com/facebook/jest"
"jest-message-util@28.1.3","MIT","https://github.com/facebook/jest"
"jest-mock@27.5.1","MIT","https://github.com/facebook/jest"
"jest-pnp-resolver@1.2.3","MIT","https://github.com/arcanis/jest-pnp-resolver"
"jest-regex-util@27.5.1","MIT","https://github.com/facebook/jest"
"jest-regex-util@28.0.2","MIT","https://github.com/facebook/jest"
"jest-resolve-dependencies@27.5.1","MIT","https://github.com/facebook/jest"
"jest-resolve@27.5.1","MIT","https://github.com/facebook/jest"
"jest-runner@27.5.1","MIT","https://github.com/facebook/jest"
"jest-runtime@27.5.1","MIT","https://github.com/facebook/jest"
"jest-serializer-vue@2.0.2","MIT","https://github.com/eddyerburgh/jest-serializer-vue"
"jest-serializer@27.5.1","MIT","https://github.com/facebook/jest"
"jest-snapshot@27.5.1","MIT","https://github.com/facebook/jest"
"jest-transform-stub@2.0.0","MIT","https://github.com/eddyerburgh/jest-transform-stub"
"jest-util@27.5.1","MIT","https://github.com/facebook/jest"
"jest-util@28.1.3","MIT","https://github.com/facebook/jest"
"jest-validate@27.5.1","MIT","https://github.com/facebook/jest"
"jest-watch-typeahead@1.1.0","MIT","https://github.com/jest-community/jest-watch-typeahead"
"jest-watcher@27.5.1","MIT","https://github.com/facebook/jest"
"jest-watcher@28.1.3","MIT","https://github.com/facebook/jest"
"jest-worker@27.5.1","MIT","https://github.com/facebook/jest"
"jest-worker@28.1.3","MIT","https://github.com/facebook/jest"
"jest@27.5.1","MIT","https://github.com/facebook/jest"
"joi@17.9.2","BSD-3-Clause","https://github.com/hapijs/joi"
"js-beautify@1.14.6","MIT","https://github.com/beautify-web/js-beautify"
"js-beautify@1.14.7","MIT","https://github.com/beautify-web/js-beautify"
"js-message@1.0.7","MIT","https://github.com/RIAEvangelist/js-message"
"js-tokens@4.0.0","MIT","https://github.com/lydell/js-tokens"
"js-yaml@3.14.1","MIT","https://github.com/nodeca/js-yaml"
"jsdom@16.7.0","MIT","https://github.com/jsdom/jsdom"
"jsesc@0.5.0","MIT","https://github.com/mathiasbynens/jsesc"
"jsesc@2.5.2","MIT","https://github.com/mathiasbynens/jsesc"
"json-parse-better-errors@1.0.2","MIT","https://github.com/zkat/json-parse-better-errors"
"json-parse-even-better-errors@2.3.1","MIT","https://github.com/npm/json-parse-even-better-errors"
"json-schema-traverse@0.4.1","MIT","https://github.com/epoberezkin/json-schema-traverse"
"json-schema-traverse@1.0.0","MIT","https://github.com/epoberezkin/json-schema-traverse"
"json-stable-stringify-without-jsonify@1.0.1","MIT","https://github.com/samn/json-stable-stringify"
"json5@1.0.2","MIT","https://github.com/json5/json5"
"json5@2.2.3","MIT","https://github.com/json5/json5"
"jsonfile@6.1.0","MIT","https://github.com/jprichardson/node-jsonfile"
"katex@0.16.9","MIT","https://github.com/KaTeX/KaTeX"
"kind-of@3.2.2","MIT","https://github.com/jonschlinkert/kind-of"
"kind-of@6.0.3","MIT","https://github.com/jonschlinkert/kind-of"
"kleur@3.0.3","MIT","https://github.com/lukeed/kleur"
"klona@2.0.6","MIT","https://github.com/lukeed/klona"
"launch-editor-middleware@2.6.0","MIT","https://github.com/yyx990803/launch-editor"
"launch-editor@2.6.0","MIT","https://github.com/yyx990803/launch-editor"
"leac@0.6.0","MIT","https://github.com/mxxii/leac"
"leven@3.1.0","MIT","https://github.com/sindresorhus/leven"
"levn@0.3.0","MIT","https://github.com/gkz/levn"
"levn@0.4.1","MIT","https://github.com/gkz/levn"
"lilconfig@2.1.0","MIT","https://github.com/antonk52/lilconfig"
"lines-and-columns@1.2.4","MIT","https://github.com/eventualbuddha/lines-and-columns"
"loader-runner@4.3.0","MIT","https://github.com/webpack/loader-runner"
"loader-utils@1.4.2","MIT","https://github.com/webpack/loader-utils"
"loader-utils@2.0.4","MIT","https://github.com/webpack/loader-utils"
"locate-path@5.0.0","MIT","https://github.com/sindresorhus/locate-path"
"locate-path@7.2.0","MIT","https://github.com/sindresorhus/locate-path"
"lodash.debounce@4.0.8","MIT","https://github.com/lodash/lodash"
"lodash.defaultsdeep@4.6.1","MIT","https://github.com/lodash/lodash"
"lodash.kebabcase@4.1.1","MIT","https://github.com/lodash/lodash"
"lodash.mapvalues@4.6.0","MIT","https://github.com/lodash/lodash"
"lodash.memoize@4.1.2","MIT","https://github.com/lodash/lodash"
"lodash.merge@4.6.2","MIT","https://github.com/lodash/lodash"
"lodash.truncate@4.4.2","MIT","https://github.com/lodash/lodash"
"lodash.uniq@4.5.0","MIT","https://github.com/lodash/lodash"
"lodash@4.17.21","MIT","https://github.com/lodash/lodash"
"log-symbols@4.1.0","MIT","https://github.com/sindresorhus/log-symbols"
"log-update@2.3.0","MIT","https://github.com/sindresorhus/log-update"
"lower-case@2.0.2","MIT","https://github.com/blakeembrey/change-case"
"lru-cache@4.1.5","ISC","https://github.com/isaacs/node-lru-cache"
"lru-cache@5.1.1","ISC","https://github.com/isaacs/node-lru-cache"
"lru-cache@6.0.0","ISC","https://github.com/isaacs/node-lru-cache"
"magic-string@0.30.0","MIT","https://github.com/rich-harris/magic-string"
"make-dir@3.1.0","MIT","https://github.com/sindresorhus/make-dir"
"make-error@1.3.6","ISC","https://github.com/JsCommunity/make-error"
"makeerror@1.0.12","BSD-3-Clause","https://github.com/daaku/nodejs-makeerror"
"material-design-icons-iconfont@6.7.0","Apache-2.0","https://github.com/jossef/material-design-icons-iconfont"
"mdn-data@2.0.14","CC0-1.0","https://github.com/mdn/data"
"mdn-data@2.0.30","CC0-1.0","https://github.com/mdn/data"
"media-typer@0.3.0","MIT","https://github.com/jshttp/media-typer"
"memfs@3.5.1","Unlicense","https://github.com/streamich/memfs"
"merge-descriptors@1.0.1","MIT","https://github.com/component/merge-descriptors"
"merge-source-map@1.1.0","MIT","https://github.com/keik/merge-source-map"
"merge-stream@2.0.0","MIT","https://github.com/grncdr/merge-stream"
"merge2@1.4.1","MIT","https://github.com/teambition/merge2"
"methods@1.1.2","MIT","https://github.com/jshttp/methods"
"micromatch@4.0.5","MIT","https://github.com/micromatch/micromatch"
"mime-db@1.52.0","MIT","https://github.com/jshttp/mime-db"
"mime-types@2.1.35","MIT","https://github.com/jshttp/mime-types"
"mime@1.6.0","MIT","https://github.com/broofa/node-mime"
"mimic-fn@1.2.0","MIT","https://github.com/sindresorhus/mimic-fn"
"mimic-fn@2.1.0","MIT","https://github.com/sindresorhus/mimic-fn"
"mini-css-extract-plugin@2.7.6","MIT","https://github.com/webpack-contrib/mini-css-extract-plugin"
"minimalistic-assert@1.0.1","ISC","https://github.com/calvinmetcalf/minimalistic-assert"
"minimatch@3.1.2","ISC","https://github.com/isaacs/minimatch"
"minimatch@5.1.6","ISC","https://github.com/isaacs/minimatch"
"minimist@1.2.8","MIT","https://github.com/minimistjs/minimist"
"minipass@3.3.6","ISC","https://github.com/isaacs/minipass"
"mkdirp@0.5.6","MIT","https://github.com/substack/node-mkdirp"
"mkdirp@1.0.4","MIT","https://github.com/isaacs/node-mkdirp"
"module-alias@2.2.2","MIT","https://github.com/ilearnio/module-alias"
"mrmime@1.0.1","MIT","https://github.com/lukeed/mrmime"
"ms@2.0.0","MIT","https://github.com/zeit/ms"
"ms@2.1.2","MIT","https://github.com/zeit/ms"
"ms@2.1.3","MIT","https://github.com/vercel/ms"
"multicast-dns@7.2.5","MIT","https://github.com/mafintosh/multicast-dns"
"mz@2.7.0","MIT","https://github.com/normalize/mz"
"nanoid@3.3.6","MIT","https://github.com/ai/nanoid"
"natural-compare-lite@1.4.0","MIT","https://github.com/litejs/natural-compare-lite"
"natural-compare@1.4.0","MIT","https://github.com/litejs/natural-compare-lite"
"negotiator@0.6.3","MIT","https://github.com/jshttp/negotiator"
"neo-async@2.6.2","MIT","https://github.com/suguru03/neo-async"
"nice-try@1.0.5","MIT","https://github.com/electerious/nice-try"
"no-case@3.0.4","MIT","https://github.com/blakeembrey/change-case"
"node-fetch@2.6.11","MIT","https://github.com/bitinn/node-fetch"
"node-forge@1.3.1","(BSD-3-Clause OR GPL-2.0)","https://github.com/digitalbazaar/forge"
"node-int64@0.4.0","MIT","https://github.com/broofa/node-int64"
"node-releases@2.0.11","MIT","https://github.com/chicoxyzzy/node-releases"
"nopt@6.0.0","ISC","https://github.com/npm/nopt"
"normalize-package-data@2.5.0","BSD-2-Clause","https://github.com/npm/normalize-package-data"
"normalize-path@1.0.0","MIT","https://github.com/jonschlinkert/normalize-path"
"normalize-path@3.0.0","MIT","https://github.com/jonschlinkert/normalize-path"
"normalize-range@0.1.2","MIT","https://github.com/jamestalmage/normalize-range"
"normalize-url@6.1.0","MIT","https://github.com/sindresorhus/normalize-url"
"npm-run-path@2.0.2","MIT","https://github.com/sindresorhus/npm-run-path"
"npm-run-path@4.0.1","MIT","https://github.com/sindresorhus/npm-run-path"
"nth-check@2.1.1","BSD-2-Clause","https://github.com/fb55/nth-check"
"null-loader@4.0.1","MIT","https://github.com/webpack-contrib/null-loader"
"nwsapi@2.2.4","MIT","https://github.com/dperini/nwsapi"
"object-assign@4.1.1","MIT","https://github.com/sindresorhus/object-assign"
"object-inspect@1.12.3","MIT","https://github.com/inspect-js/object-inspect"
"object-keys@1.1.1","MIT","https://github.com/ljharb/object-keys"
"object.assign@4.1.4","MIT","https://github.com/ljharb/object.assign"
"obuf@1.1.2","MIT","https://github.com/indutny/offset-buffer"
"on-finished@2.4.1","MIT","https://github.com/jshttp/on-finished"
"on-headers@1.0.2","MIT","https://github.com/jshttp/on-headers"
"once@1.4.0","ISC","https://github.com/isaacs/once"
"onetime@2.0.1","MIT","https://github.com/sindresorhus/onetime"
"onetime@5.1.2","MIT","https://github.com/sindresorhus/onetime"
"open@8.4.2","MIT","https://github.com/sindresorhus/open"
"opener@1.5.2","(WTFPL OR MIT)","https://github.com/domenic/opener"
"optionator@0.8.3","MIT","https://github.com/gkz/optionator"
"optionator@0.9.1","MIT","https://github.com/gkz/optionator"
"ora@5.4.1","MIT","https://github.com/sindresorhus/ora"
"p-finally@1.0.0","MIT","https://github.com/sindresorhus/p-finally"
"p-limit@2.3.0","MIT","https://github.com/sindresorhus/p-limit"
"p-limit@4.0.0","MIT","https://github.com/sindresorhus/p-limit"
"p-locate@4.1.0","MIT","https://github.com/sindresorhus/p-locate"
"p-locate@6.0.0","MIT","https://github.com/sindresorhus/p-locate"
"p-retry@4.6.2","MIT","https://github.com/sindresorhus/p-retry"
"p-try@2.2.0","MIT","https://github.com/sindresorhus/p-try"
"param-case@3.0.4","MIT","https://github.com/blakeembrey/change-case"
"parent-module@1.0.1","MIT","https://github.com/sindresorhus/parent-module"
"parse-json@5.2.0","MIT","https://github.com/sindresorhus/parse-json"
"parse5-htmlparser2-tree-adapter@6.0.1","MIT","https://github.com/inikulin/parse5"
"parse5@5.1.1","MIT","https://github.com/inikulin/parse5"
"parse5@6.0.1","MIT","https://github.com/inikulin/parse5"
"parseley@0.12.1","MIT","https://github.com/mxxii/parseley"
"parseurl@1.3.3","MIT","https://github.com/pillarjs/parseurl"
"pascal-case@3.1.2","MIT","https://github.com/blakeembrey/change-case"
"path-exists@4.0.0","MIT","https://github.com/sindresorhus/path-exists"
"path-exists@5.0.0","MIT","https://github.com/sindresorhus/path-exists"
"path-is-absolute@1.0.1","MIT","https://github.com/sindresorhus/path-is-absolute"
"path-key@2.0.1","MIT","https://github.com/sindresorhus/path-key"
"path-key@3.1.1","MIT","https://github.com/sindresorhus/path-key"
"path-parse@1.0.7","MIT","https://github.com/jbgutierrez/path-parse"
"path-to-regexp@0.1.7","MIT","https://github.com/component/path-to-regexp"
"path-type@4.0.0","MIT","https://github.com/sindresorhus/path-type"
"peberminta@0.9.0","MIT","https://github.com/mxxii/peberminta"
"picocolors@0.2.1","ISC","https://github.com/alexeyraspopov/picocolors"
"picocolors@1.0.0","ISC","https://github.com/alexeyraspopov/picocolors"
"picomatch@2.3.1","MIT","https://github.com/micromatch/picomatch"
"pinia@2.1.3","MIT","https://github.com/vuejs/pinia"
"pirates@4.0.5","MIT","https://github.com/danez/pirates"
"pkg-dir@4.2.0","MIT","https://github.com/sindresorhus/pkg-dir"
"pkg-dir@7.0.0","MIT","https://github.com/sindresorhus/pkg-dir"
"portfinder@1.0.32","MIT","https://github.com/http-party/node-portfinder"
"postcss-calc@8.2.4","MIT","https://github.com/postcss/postcss-calc"
"postcss-colormin@5.3.1","MIT","https://github.com/cssnano/cssnano"
"postcss-convert-values@5.1.3","MIT","https://github.com/cssnano/cssnano"
"postcss-discard-comments@5.1.2","MIT","https://github.com/cssnano/cssnano"
"postcss-discard-duplicates@5.1.0","MIT","https://github.com/cssnano/cssnano"
"postcss-discard-empty@5.1.1","MIT","https://github.com/cssnano/cssnano"
"postcss-discard-overridden@5.1.0","MIT","https://github.com/cssnano/cssnano"
"postcss-loader@6.2.1","MIT","https://github.com/webpack-contrib/postcss-loader"
"postcss-merge-longhand@5.1.7","MIT","https://github.com/cssnano/cssnano"
"postcss-merge-rules@5.1.4","MIT","https://github.com/cssnano/cssnano"
"postcss-minify-font-values@5.1.0","MIT","https://github.com/cssnano/cssnano"
"postcss-minify-gradients@5.1.1","MIT","https://github.com/cssnano/cssnano"
"postcss-minify-params@5.1.4","MIT","https://github.com/cssnano/cssnano"
"postcss-minify-selectors@5.2.1","MIT","https://github.com/cssnano/cssnano"
"postcss-modules-extract-imports@3.0.0","ISC","https://github.com/css-modules/postcss-modules-extract-imports"
"postcss-modules-local-by-default@4.0.3","MIT","https://github.com/css-modules/postcss-modules-local-by-default"
"postcss-modules-scope@3.0.0","ISC","https://github.com/css-modules/postcss-modules-scope"
"postcss-modules-values@4.0.0","ISC","https://github.com/css-modules/postcss-modules-values"
"postcss-normalize-charset@5.1.0","MIT","https://github.com/cssnano/cssnano"
"postcss-normalize-display-values@5.1.0","MIT","https://github.com/cssnano/cssnano"
"postcss-normalize-positions@5.1.1","MIT","https://github.com/cssnano/cssnano"
"postcss-normalize-repeat-style@5.1.1","MIT","https://github.com/cssnano/cssnano"
"postcss-normalize-string@5.1.0","MIT","https://github.com/cssnano/cssnano"
"postcss-normalize-timing-functions@5.1.0","MIT","https://github.com/cssnano/cssnano"
"postcss-normalize-unicode@5.1.1","MIT","https://github.com/cssnano/cssnano"
"postcss-normalize-url@5.1.0","MIT","https://github.com/cssnano/cssnano"
"postcss-normalize-whitespace@5.1.1","MIT","https://github.com/cssnano/cssnano"
"postcss-ordered-values@5.1.3","MIT","https://github.com/cssnano/cssnano"
"postcss-reduce-initial@5.1.2","MIT","https://github.com/cssnano/cssnano"
"postcss-reduce-transforms@5.1.0","MIT","https://github.com/cssnano/cssnano"
"postcss-selector-parser@6.0.13","MIT","https://github.com/postcss/postcss-selector-parser"
"postcss-svgo@5.1.0","MIT","https://github.com/cssnano/cssnano"
"postcss-unique-selectors@5.1.1","MIT","https://github.com/cssnano/cssnano"
"postcss-value-parser@4.2.0","MIT","https://github.com/TrySound/postcss-value-parser"
"postcss@7.0.39","MIT","https://github.com/postcss/postcss"
"postcss@8.4.23","MIT","https://github.com/postcss/postcss"
"prelude-ls@1.1.2","MIT","https://github.com/gkz/prelude-ls"
"prelude-ls@1.2.1","MIT","https://github.com/gkz/prelude-ls"
"prettier@2.8.8","MIT","https://github.com/prettier/prettier"
"pretty-error@4.0.0","MIT","https://github.com/AriaMinaei/pretty-error"
"pretty-format@27.5.1","MIT","https://github.com/facebook/jest"
"pretty-format@28.1.3","MIT","https://github.com/facebook/jest"
"pretty@2.0.0","MIT","https://github.com/jonschlinkert/pretty"
"process-nextick-args@2.0.1","MIT","https://github.com/calvinmetcalf/process-nextick-args"
"progress-webpack-plugin@1.0.16","MIT","https://github.com/ali322/progress-webpack-plugin"
"progress@2.0.3","MIT","https://github.com/visionmedia/node-progress"
"prompts@2.4.2","MIT","https://github.com/terkelg/prompts"
"proto-list@1.2.4","ISC","https://github.com/isaacs/proto-list"
"proxy-addr@2.0.7","MIT","https://github.com/jshttp/proxy-addr"
"proxy-from-env@1.1.0","MIT","https://github.com/Rob--W/proxy-from-env"
"pseudomap@1.0.2","ISC","https://github.com/isaacs/pseudomap"
"psl@1.9.0","MIT","https://github.com/lupomontero/psl"
"pump@3.0.0","MIT","https://github.com/mafintosh/pump"
"punycode@2.3.0","MIT","https://github.com/mathiasbynens/punycode.js"
"qs@6.11.0","BSD-3-Clause","https://github.com/ljharb/qs"
"querystringify@2.2.0","MIT","https://github.com/unshiftio/querystringify"
"queue-microtask@1.2.3","MIT","https://github.com/feross/queue-microtask"
"randombytes@2.1.0","MIT","https://github.com/crypto-browserify/randombytes"
"range-parser@1.2.1","MIT","https://github.com/jshttp/range-parser"
"raw-body@2.5.1","MIT","https://github.com/stream-utils/raw-body"
"react-is@17.0.2","MIT","https://github.com/facebook/react"
"react-is@18.2.0","MIT","https://github.com/facebook/react"
"read-pkg-up@7.0.1","MIT","https://github.com/sindresorhus/read-pkg-up"
"read-pkg@5.2.0","MIT","https://github.com/sindresorhus/read-pkg"
"readable-stream@2.3.8","MIT","https://github.com/nodejs/readable-stream"
"readable-stream@3.6.2","MIT","https://github.com/nodejs/readable-stream"
"readdirp@3.6.0","MIT","https://github.com/paulmillr/readdirp"
"recordrtc@5.6.2","MIT","https://github.com/muaz-khan/RecordRTC"
"regenerate-unicode-properties@10.1.0","MIT","https://github.com/mathiasbynens/regenerate-unicode-properties"
"regenerate@1.4.2","MIT","https://github.com/mathiasbynens/regenerate"
"regenerator-runtime@0.13.11","MIT","https://github.com/facebook/regenerator/tree/main/packages/runtime"
"regenerator-transform@0.15.1","MIT","https://github.com/facebook/regenerator/tree/main/packages/transform"
"regexpp@3.2.0","MIT","https://github.com/mysticatea/regexpp"
"regexpu-core@5.3.2","MIT","https://github.com/mathiasbynens/regexpu-core"
"regjsparser@0.9.1","BSD-2-Clause","https://github.com/jviereck/regjsparser"
"relateurl@0.2.7","MIT","https://github.com/stevenvachon/relateurl"
"renderkid@3.0.0","MIT","https://github.com/AriaMinaei/RenderKid"
"require-directory@2.1.1","MIT","https://github.com/troygoode/node-require-directory"
"require-from-string@2.0.2","MIT","https://github.com/floatdrop/require-from-string"
"requires-port@1.0.0","MIT","https://github.com/unshiftio/requires-port"
"resolve-cwd@3.0.0","MIT","https://github.com/sindresorhus/resolve-cwd"
"resolve-from@4.0.0","MIT","https://github.com/sindresorhus/resolve-from"
"resolve-from@5.0.0","MIT","https://github.com/sindresorhus/resolve-from"
"resolve.exports@1.1.1","MIT","https://github.com/lukeed/resolve.exports"
"resolve@1.22.2","MIT","https://github.com/browserify/resolve"
"restore-cursor@2.0.0","MIT","https://github.com/sindresorhus/restore-cursor"
"restore-cursor@3.1.0","MIT","https://github.com/sindresorhus/restore-cursor"
"retry@0.13.1","MIT","https://github.com/tim-kos/node-retry"
"reusify@1.0.4","MIT","https://github.com/mcollina/reusify"
"rimraf@3.0.2","ISC","https://github.com/isaacs/rimraf"
"run-parallel@1.2.0","MIT","https://github.com/feross/run-parallel"
"safe-buffer@5.1.2","MIT","https://github.com/feross/safe-buffer"
"safe-buffer@5.2.1","MIT","https://github.com/feross/safe-buffer"
"safer-buffer@2.1.2","MIT","https://github.com/ChALkeR/safer-buffer"
"saxes@5.0.1","ISC","https://github.com/lddubeau/saxes"
"schema-utils@2.7.0","MIT","https://github.com/webpack/schema-utils"
"schema-utils@2.7.1","MIT","https://github.com/webpack/schema-utils"
"schema-utils@3.1.2","MIT","https://github.com/webpack/schema-utils"
"schema-utils@3.3.0","MIT","https://github.com/webpack/schema-utils"
"schema-utils@4.0.1","MIT","https://github.com/webpack/schema-utils"
"selderee@0.11.0","MIT","https://github.com/mxxii/selderee"
"select-hose@2.0.0","MIT","https://github.com/indutny/select-hose"
"selfsigned@2.1.1","MIT","https://github.com/jfromaniello/selfsigned"
"semver@5.7.2","ISC","https://github.com/npm/node-semver"
"semver@6.3.1","ISC","https://github.com/npm/node-semver"
"semver@7.5.4","ISC","https://github.com/npm/node-semver"
"send@0.18.0","MIT","https://github.com/pillarjs/send"
"serialize-javascript@6.0.1","BSD-3-Clause","https://github.com/yahoo/serialize-javascript"
"serve-index@1.9.1","MIT","https://github.com/expressjs/serve-index"
"serve-static@1.15.0","MIT","https://github.com/expressjs/serve-static"
"setprototypeof@1.1.0","ISC","https://github.com/wesleytodd/setprototypeof"
"setprototypeof@1.2.0","ISC","https://github.com/wesleytodd/setprototypeof"
"shallow-clone@3.0.1","MIT","https://github.com/jonschlinkert/shallow-clone"
"shebang-command@1.2.0","MIT","https://github.com/kevva/shebang-command"
"shebang-command@2.0.0","MIT","https://github.com/kevva/shebang-command"
"shebang-regex@1.0.0","MIT","https://github.com/sindresorhus/shebang-regex"
"shebang-regex@3.0.0","MIT","https://github.com/sindresorhus/shebang-regex"
"shell-quote@1.8.1","MIT","https://github.com/ljharb/shell-quote"
"side-channel@1.0.4","MIT","https://github.com/ljharb/side-channel"
"sigmund@1.0.1","ISC","https://github.com/isaacs/sigmund"
"signal-exit@3.0.7","ISC","https://github.com/tapjs/signal-exit"
"sirv@1.0.19","MIT","https://github.com/lukeed/sirv"
"sisteransi@1.0.5","MIT","https://github.com/terkelg/sisteransi"
"slash@3.0.0","MIT","https://github.com/sindresorhus/slash"
"slash@4.0.0","MIT","https://github.com/sindresorhus/slash"
"slice-ansi@4.0.0","MIT","https://github.com/chalk/slice-ansi"
"sockjs@0.3.24","MIT","https://github.com/sockjs/sockjs-node"
"source-map-js@1.0.2","BSD-3-Clause","https://github.com/7rulnik/source-map-js"
"source-map-support@0.5.21","MIT","https://github.com/evanw/node-source-map-support"
"source-map@0.5.6","BSD-3-Clause","https://github.com/mozilla/source-map"
"source-map@0.6.1","BSD-3-Clause","https://github.com/mozilla/source-map"
"source-map@0.7.4","BSD-3-Clause","https://github.com/mozilla/source-map"
"spdx-correct@3.2.0","Apache-2.0","https://github.com/jslicense/spdx-correct.js"
"spdx-exceptions@2.3.0","CC-BY-3.0","https://github.com/kemitchell/spdx-exceptions.json"
"spdx-expression-parse@3.0.1","MIT","https://github.com/jslicense/spdx-expression-parse.js"
"spdx-license-ids@3.0.13","CC0-1.0","https://github.com/jslicense/spdx-license-ids"
"spdy-transport@3.0.0","MIT","https://github.com/spdy-http2/spdy-transport"
"spdy@4.0.2","MIT","https://github.com/indutny/node-spdy"
"sprintf-js@1.0.3","BSD-3-Clause","https://github.com/alexei/sprintf.js"
"ssri@8.0.1","ISC","https://github.com/npm/ssri"
"stable@0.1.8","MIT","https://github.com/Two-Screen/stable"
"stack-utils@2.0.6","MIT","https://github.com/tapjs/stack-utils"
"stackframe@1.3.4","MIT","https://github.com/stacktracejs/stackframe"
"statuses@1.5.0","MIT","https://github.com/jshttp/statuses"
"statuses@2.0.1","MIT","https://github.com/jshttp/statuses"
"string-length@4.0.2","MIT","https://github.com/sindresorhus/string-length"
"string-length@5.0.1","MIT","https://github.com/sindresorhus/string-length"
"string-width@2.1.1","MIT","https://github.com/sindresorhus/string-width"
"string-width@4.2.3","MIT","https://github.com/sindresorhus/string-width"
"string_decoder@1.1.1","MIT","https://github.com/nodejs/string_decoder"
"string_decoder@1.3.0","MIT","https://github.com/nodejs/string_decoder"
"strip-ansi@4.0.0","MIT","https://github.com/chalk/strip-ansi"
"strip-ansi@6.0.1","MIT","https://github.com/chalk/strip-ansi"
"strip-ansi@7.0.1","MIT","https://github.com/chalk/strip-ansi"
"strip-bom@3.0.0","MIT","https://github.com/sindresorhus/strip-bom"
"strip-bom@4.0.0","MIT","https://github.com/sindresorhus/strip-bom"
"strip-eof@1.0.0","MIT","https://github.com/sindresorhus/strip-eof"
"strip-final-newline@2.0.0","MIT","https://github.com/sindresorhus/strip-final-newline"
"strip-indent@2.0.0","MIT","https://github.com/sindresorhus/strip-indent"
"strip-json-comments@2.0.1","MIT","https://github.com/sindresorhus/strip-json-comments"
"strip-json-comments@3.1.1","MIT","https://github.com/sindresorhus/strip-json-comments"
"stylehacks@5.1.1","MIT","https://github.com/cssnano/cssnano"
"supports-color@5.5.0","MIT","https://github.com/chalk/supports-color"
"supports-color@7.2.0","MIT","https://github.com/chalk/supports-color"
"supports-color@8.1.1","MIT","https://github.com/chalk/supports-color"
"supports-hyperlinks@2.3.0","MIT","https://github.com/jamestalmage/supports-hyperlinks"
"supports-preserve-symlinks-flag@1.0.0","MIT","https://github.com/inspect-js/node-supports-preserve-symlinks-flag"
"svg-tags@1.0.0","MIT","https://github.com/element-io/svg-tags"
"svgo@2.8.0","MIT","https://github.com/svg/svgo"
"symbol-tree@3.2.4","MIT","https://github.com/jsdom/js-symbol-tree"
"table@6.8.1","BSD-3-Clause","https://github.com/gajus/table"
"talkforgeai-client@0.2.2","UNLICENSED",""
"tapable@1.1.3","MIT","https://github.com/webpack/tapable"
"tapable@2.2.1","MIT","https://github.com/webpack/tapable"
"terminal-link@2.1.1","MIT","https://github.com/sindresorhus/terminal-link"
"terser-webpack-plugin@5.3.9","MIT","https://github.com/webpack-contrib/terser-webpack-plugin"
"terser@5.17.6","BSD-2-Clause","https://github.com/terser/terser"
"test-exclude@6.0.0","ISC","https://github.com/istanbuljs/test-exclude"
"text-table@0.2.0","MIT","https://github.com/substack/text-table"
"thenify-all@1.6.0","MIT","https://github.com/thenables/thenify-all"
"thenify@3.3.1","MIT","https://github.com/thenables/thenify"
"thread-loader@3.0.4","MIT","https://github.com/webpack-contrib/thread-loader"
"throat@6.0.2","MIT","https://github.com/ForbesLindesay/throat"
"thunky@1.1.0","MIT","https://github.com/mafintosh/thunky"
"tmpl@1.0.5","BSD-3-Clause","https://github.com/daaku/nodejs-tmpl"
"to-fast-properties@2.0.0","MIT","https://github.com/sindresorhus/to-fast-properties"
"to-regex-range@5.0.1","MIT","https://github.com/micromatch/to-regex-range"
"toidentifier@1.0.1","MIT","https://github.com/component/toidentifier"
"totalist@1.1.0","MIT","https://github.com/lukeed/totalist"
"tough-cookie@4.1.3","BSD-3-Clause","https://github.com/salesforce/tough-cookie"
"tr46@0.0.3","MIT","https://github.com/Sebmaster/tr46.js"
"tr46@2.1.0","MIT","https://github.com/jsdom/tr46"
"ts-jest@27.1.5","MIT","https://github.com/kulshekhar/ts-jest"
"ts-loader@9.4.3","MIT","https://github.com/TypeStrong/ts-loader"
"tsconfig@7.0.0","MIT","https://github.com/TypeStrong/tsconfig"
"tslib@1.14.1","0BSD","https://github.com/Microsoft/tslib"
"tslib@2.5.2","0BSD","https://github.com/Microsoft/tslib"
"tsutils@3.21.0","MIT","https://github.com/ajafff/tsutils"
"type-check@0.3.2","MIT","https://github.com/gkz/type-check"
"type-check@0.4.0","MIT","https://github.com/gkz/type-check"
"type-detect@4.0.8","MIT","https://github.com/chaijs/type-detect"
"type-fest@0.20.2","(MIT OR CC0-1.0)","https://github.com/sindresorhus/type-fest"
"type-fest@0.21.3","(MIT OR CC0-1.0)","https://github.com/sindresorhus/type-fest"
"type-fest@0.6.0","(MIT OR CC0-1.0)","https://github.com/sindresorhus/type-fest"
"type-fest@0.8.1","(MIT OR CC0-1.0)","https://github.com/sindresorhus/type-fest"
"type-is@1.6.18","MIT","https://github.com/jshttp/type-is"
"typedarray-to-buffer@3.1.5","MIT","https://github.com/feross/typedarray-to-buffer"
"typescript@4.7.4","Apache-2.0","https://github.com/Microsoft/TypeScript"
"unicode-canonical-property-names-ecmascript@2.0.0","MIT","https://github.com/mathiasbynens/unicode-canonical-property-names-ecmascript"
"unicode-match-property-ecmascript@2.0.0","MIT","https://github.com/mathiasbynens/unicode-match-property-ecmascript"
"unicode-match-property-value-ecmascript@2.1.0","MIT","https://github.com/mathiasbynens/unicode-match-property-value-ecmascript"
"unicode-property-aliases-ecmascript@2.1.0","MIT","https://github.com/mathiasbynens/unicode-property-aliases-ecmascript"
"universalify@0.2.0","MIT","https://github.com/RyanZim/universalify"
"universalify@2.0.0","MIT","https://github.com/RyanZim/universalify"
"unpipe@1.0.0","MIT","https://github.com/stream-utils/unpipe"
"upath@2.0.1","MIT","https://github.com/anodynos/upath"
"update-browserslist-db@1.0.11","MIT","https://github.com/browserslist/update-db"
"uri-js@4.4.1","BSD-2-Clause","https://github.com/garycourt/uri-js"
"url-parse@1.5.10","MIT","https://github.com/unshiftio/url-parse"
"util-deprecate@1.0.2","MIT","https://github.com/TooTallNate/util-deprecate"
"utila@0.4.0","MIT","https://github.com/AriaMinaei/utila"
"utils-merge@1.0.1","MIT","https://github.com/jaredhanson/utils-merge"
"uuid@8.3.2","MIT","https://github.com/uuidjs/uuid"
"v8-compile-cache@2.3.0","MIT","https://github.com/zertosh/v8-compile-cache"
"v8-to-istanbul@8.1.1","ISC","https://github.com/istanbuljs/v8-to-istanbul"
"validate-npm-package-license@3.0.4","Apache-2.0","https://github.com/kemitchell/validate-npm-package-license.js"
"vary@1.1.2","MIT","https://github.com/jshttp/vary"
"vue-class-component@8.0.0-rc.1","MIT","https://github.com/vuejs/vue-class-component"
"vue-demi@0.14.5","MIT","https://github.com/antfu/vue-demi"
"vue-eslint-parser@8.3.0","MIT","https://github.com/vuejs/vue-eslint-parser"
"vue-hot-reload-api@2.3.4","MIT","https://github.com/vuejs/vue-hot-reload-api"
"vue-loader@15.10.1","MIT","https://github.com/vuejs/vue-loader"
"vue-loader@17.1.1","MIT","https://github.com/vuejs/vue-loader"
"vue-router@4.2.1","MIT","https://github.com/vuejs/router"
"vue-style-loader@4.1.3","MIT","https://github.com/vuejs/vue-style-loader"
"vue-template-es2015-compiler@1.9.1","MIT","https://github.com/vuejs/vue-template-es2015-compiler"
"vue@3.3.4","MIT","https://github.com/vuejs/core"
"vuetify@3.6.5","MIT","https://github.com/vuetifyjs/vuetify"
"w3c-hr-time@1.0.2","MIT","https://github.com/jsdom/w3c-hr-time"
"w3c-xmlserializer@2.0.0","MIT","https://github.com/jsdom/w3c-xmlserializer"
"walker@1.0.8","Apache-2.0","https://github.com/daaku/nodejs-walker"
"watchpack@2.4.0","MIT","https://github.com/webpack/watchpack"
"wbuf@1.7.3","MIT","https://github.com/indutny/wbuf"
"wcwidth@1.0.1","MIT","https://github.com/timoxley/wcwidth"
"webidl-conversions@3.0.1","BSD-2-Clause","https://github.com/jsdom/webidl-conversions"
"webidl-conversions@5.0.0","BSD-2-Clause","https://github.com/jsdom/webidl-conversions"
"webidl-conversions@6.1.0","BSD-2-Clause","https://github.com/jsdom/webidl-conversions"
"webpack-bundle-analyzer@4.8.0","MIT","https://github.com/webpack-contrib/webpack-bundle-analyzer"
"webpack-chain@6.5.1","MPL-2.0","https://github.com/neutrinojs/webpack-chain"
"webpack-dev-middleware@5.3.3","MIT","https://github.com/webpack/webpack-dev-middleware"
"webpack-dev-server@4.15.0","MIT","https://github.com/webpack/webpack-dev-server"
"webpack-merge@5.9.0","MIT","https://github.com/survivejs/webpack-merge"
"webpack-plugin-vuetify@3.0.3","MIT","https://github.com/vuetifyjs/vuetify-loader"
"webpack-sources@3.2.3","MIT","https://github.com/webpack/webpack-sources"
"webpack-virtual-modules@0.4.6","MIT","https://github.com/sysgears/webpack-virtual-modules"
"webpack@5.83.1","MIT","https://github.com/webpack/webpack"
"websocket-driver@0.7.4","Apache-2.0","https://github.com/faye/websocket-driver-node"
"websocket-extensions@0.1.4","Apache-2.0","https://github.com/faye/websocket-extensions-node"
"whatwg-encoding@1.0.5","MIT","https://github.com/jsdom/whatwg-encoding"
"whatwg-fetch@3.6.2","MIT","https://github.com/github/fetch"
"whatwg-mimetype@2.3.0","MIT","https://github.com/jsdom/whatwg-mimetype"
"whatwg-url@5.0.0","MIT","https://github.com/jsdom/whatwg-url"
"whatwg-url@8.7.0","MIT","https://github.com/jsdom/whatwg-url"
"which@1.3.1","ISC","https://github.com/isaacs/node-which"
"which@2.0.2","ISC","https://github.com/isaacs/node-which"
"wildcard@2.0.1","MIT","https://github.com/DamonOehlman/wildcard"
"word-wrap@1.2.4","MIT","https://github.com/jonschlinkert/word-wrap"
"wrap-ansi@3.0.1","MIT","https://github.com/chalk/wrap-ansi"
"wrap-ansi@7.0.0","MIT","https://github.com/chalk/wrap-ansi"
"wrappy@1.0.2","ISC","https://github.com/npm/wrappy"
"write-file-atomic@3.0.3","ISC","https://github.com/npm/write-file-atomic"
"ws@7.5.9","MIT","https://github.com/websockets/ws"
"ws@8.13.0","MIT","https://github.com/websockets/ws"
"xml-name-validator@3.0.0","Apache-2.0","https://github.com/jsdom/xml-name-validator"
"xmlchars@2.2.0","MIT","https://github.com/lddubeau/xmlchars"
"y18n@5.0.8","ISC","https://github.com/yargs/y18n"
"yallist@2.1.2","ISC","https://github.com/isaacs/yallist"
"yallist@3.1.1","ISC","https://github.com/isaacs/yallist"
"yallist@4.0.0","ISC","https://github.com/isaacs/yallist"
"yaml@1.10.2","ISC","https://github.com/eemeli/yaml"
"yargs-parser@20.2.9","ISC","https://github.com/yargs/yargs-parser"
"yargs@16.2.0","MIT","https://github.com/yargs/yargs"
"yocto-queue@1.0.0","MIT","https://github.com/sindresorhus/yocto-queue"
"yorkie@2.0.0","MIT","https://github.com/yyx990803/yorkie"